id,label,data
1,医疗健康,急聘修脚按摩技师 工作要求：要求两年工作经验以上年龄要求：25-50周岁工作内容：修脚、按脚、足疗、全身*、精油开背供吃住，满勤奖，工作轻松，环境干净，氛围极好，急聘，欢迎来电咨询，店面位置好地处富人区，客流量大，非常方便，包吃包住，人性化管理，开心工作开心赚钱。
2,医疗健康,5K包吃住聘护理员 工作内容：服务半自理、卧床，失能失智老人生活起居及其他护理工作要求：1.有耐心可以照顾老人2.有过经验，能够独立完成护理工作，或者学习能力较强者条件可适当放宽3.供吃供住工作长期稳定，工资待遇4000-10000。年龄：57周岁以内，**不限
3,医疗健康,不需要证的网络咨询护士 在网络对话和拨打医院电话的访客沟通，指导预约挂号及相关病情解答与服务。职位要求：1、大专以上学历，医学、临床、护理等专业；口腔专业优先2、语言表达清晰、流畅、具有良好的交流沟通能力，亲和力；3、熟悉计算机基础知识，打字熟练，有一个销售意识；4、具有良好的职业道德和团队协作精神。6、有宿舍和伙食。7、能顺利接打电话，微信聊天相关操作熟悉工作时间：需倒班白班早8：00-下午4：00晚班下午4：00-晚上11：00
4,医疗健康,包吃住急聘按摩足疗师 工作要求：要求两年工作经验以上年龄要求：25-50周岁工作内容：修脚、按脚、足疗、全身*、精油开背供吃住，满勤奖，工作轻松，环境干净，氛围极好，急聘，欢迎来电咨询，店面位置好地处富人区，客流量大，非常方便，包吃包住，人性化管理，开心工作开心赚钱。
5,医疗健康,内科医生 诊治病人，技术过硬，工作认真负责，对待患者热情有耐心，有团队合作精神
6,医疗健康,西医内科医生 负责门诊日常患者就诊，手法好，懂急抢救流程具体电话联系
7,医疗健康,诚聘45岁以下艾灸师 招聘艾灸师无经验均可年龄45岁以下工作时间：早九～晚七月休4天福利：年假7天，工龄假7天，工作满一年交5险，法定假期休息，每年团建外出旅游，节日礼品，生日假薪资：底薪提成手工奖励饭补满勤年终奖励
8,医疗健康,急聘修脚按摩技师客源稳定 工作要求：要求两年工作经验以上年龄要求：25-50周岁工作内容：修脚、按脚、足疗、全身*、精油开背供吃住，满勤奖，工作轻松，环境干净，氛围极好，急聘，欢迎来电咨询，店面位置好地处富人区，客流量大，非常方便，包吃包住，人性化管理，开心工作开心赚钱。
9,医疗健康,聘正规按摩师活多事少 工作内容：*时间短，店内环境好，手法正规，、、职位要求：形象好气质佳、有无经验均可，
10,医疗健康,"福泽浴足急聘按摩师 职位描述急聘*师，试用期七天，不满意随走随结电联优先，详细了解，欢迎咨询1，有无经验均可形象好气质佳免费培训工资稳定收入高，汝生2，福利丰富:定期团建，优秀员工奖金,旅游。3、优势:连锁店互相调动，不用担心没有顾客。4、客源稳定，资源丰富提点高，收入高待遇丰厚5、有月休，人性化管理，同事之间相处和睦，氛围好心不累。6、开开心心工作快快乐乐赚钱"
11,医疗健康,保底7千聘中医推拿按摩师 岗位职责：负责顾客的身体中医保健*需要，任职资格：7年以上中医推拿工作经验，手法熟练，沟通能力强，有团队精神，年龄25--40之间，身高175以上，形象好，有爱心，能长期合作福利待遇：底薪5000+个人销售提成+手工+奖金=8000-12000元工作时间：9--18点，月休四天
12,医疗健康,急招护士待遇优 护士，早八晚九，上一天休一天，有护士证薪资面谈会扎小孩手脚
13,医疗健康,急南关区穿串工4.5k+ 薪酬待遇：1.底薪保底4500+计件工资，综合薪资4500-5000，工资每月准时发放；2.免费提供食宿，工作服，便捷温馨的住宿环境，宿舍可洗澡，配有洗衣机，空调，无线网络，开心的工作氛围，公平的晋升体系；3.大学生学历津贴（本科学历：每月津贴800元，专科学历：每月津贴500元，转正后持续发放3个月）4.工龄奖，带薪年假，婚假礼金，生育礼金，子教育津贴，生日福利，店内就餐优惠折扣。晋升发展：1.运营管理路径：后厨基本岗位?后厨组长?厨房长?区域稽核经理?运营区经理?运营总监（公司总部设有：财务部、人力资源部、市场品牌部、信息部、外卖部、食安部）岗位职责：（后厨岗位包括：主食凉菜做单明档穿串洗碗）1、按照门店的标准完成所加工产品的验收、清洗、加工、出餐工作；2、产品操作达到产品品质要求、做到出餐形状、重量、规格、数量符合标准；3、按时清洁个人操作区域卫生及仪容仪表规范，确保区域卫生清洁及为顾客提供舒适的就餐感受；4、根据产品需求合理使用机器设备，操作过程中如遇设备、产品等特殊问题无法解决及时上报直属上级，并协助上级解决问题；5、完成本职工作的同时协助其他伙伴工作，执行好上级交办的其他事项，确保高品质的产品供应。任职资格：1、年龄18-45岁之间；2、热爱餐饮行业，注重个人卫生；3、为人诚实守信、认真负责、吃苦耐劳、较强的执行力。面试地点：1、门店直接面试2、高新区繁荣路与桦甸街交汇，丰茂烤串三楼3、面试通过后，长春市内6家门店就近分配。乘车路线：公交车262、292、213、205、195繁荣路站下成册既是
14,医疗健康,招聘火锅后厨人员 招聘前厅，后厨人员前厅服务员底薪4800-7000元，前厅门迎4800-6000元招聘后厨人员底薪4300元加提成；以上岗位月休3天，包吃住，提供被褥，寝室环境好，有独立洗手间、空调、WiFi、洗衣机、热水器等岗位工作范围：1、服务员主要负责，顾客接待，点餐介绍特色菜，对于特殊顾客例如老人，小孩，孕妇，要额外照顾服务，餐前餐中餐后的服务员，服务员需要打扫自己区域卫生。2、传菜人员主要负责上菜和撤台；3、门迎主要负责接待顾客，接听预定电话回复预定短信，收银买单，送客；4、后厨人员负责菜品出品、备餐和卫生。
15,医疗健康,按摩师保底8000不熬夜 正规专业全国连锁店，工作经验丰富，沟通能力强，年龄40周岁以下
16,医疗健康,中医内科医生 综合门诊开中药，会开针剂方，有执业证，能长期合作优先
17,医疗健康,护士包吃住请电话联系 岗位职责：1、配合医生做好对病人的治疗工作；2、观察病人的病情转化情况。要求：年龄30-36周岁之间，有经验的。
18,医疗健康,高薪包吃住诚聘妇科医生 有意者可直接电话联系咨询，待遇好，福利多，期待您的加入！任职资格：1、有工作经验，年龄无要求2、认真踏实，专业能力强高额提成，外地提供住宿，待遇非常好工作时间：可根据实际情况自己选择，可以早8点到晚4点，具体可面议或者电话咨询工作地点交通方便，期待您的加入
19,医疗健康,中医科室坐诊医生 要求：能够熟练针灸，中医内科开方等。薪资待遇：8000元/月+提成
20,医疗健康,养老院护理员 工作内容：照护老人日常起居、观察老人身体情况、老人室内打扫、老人物品整理、护理主任交到的其他临时工作职位要求：有照护自理、半自理、失能老人工作经验；具备良好的服务素质、服务理念和职业道德、熟悉老年人生活习惯工作时间：6:30-18:30
21,医疗健康,中医骨科+五险一金 1.熟悉骨科常见病、多发病，善于学习，有较强的团队协作能力；2.要求有一定的临床管床经验，3.为人和善，吃苦耐劳；有意向可投递简历或在线沟通咨询，也可直接拨打医院招聘电话沟通
22,医疗健康,急急急聘内科医生 内科，招聘内科医生，工作十年以上。早上八点到下午九点上一天休一天有意向均可电话联系1、接待日常住院部医疗工作，认真检查患者病情，细心诊断，正确处方，合理用药，杜绝误诊；2、根据安排做好防病宣传，普及防病和救护知识；3、定期对医务室的各种医疗器械消毒、更换；4、药品清点检查，对过期药品及时清理，确保员工用药安全。任职资格：1、职称医师以上，大专以上学历，医学、临床、护理等专业；2、语言表达清晰、流畅、具有良好的交流沟通能力，亲和力；3、熟悉计算机基础知识，打字熟练；4、具有良好的职业道德和团队协作精神。
23,医疗健康,"护士 观察病人的病情转化情况,配合医生做好对病人的治疗工作"
24,医疗健康,"理疗师 针对顾客的身体健康状况,通过专业理疗减轻疾病症状、改善健康状况"
25,医疗健康,改刀墩子-悦 工作地点：长春市，各区都有门店，近20家门店，可以就近安排！！！改刀职位要求：要求50周岁以内，有同岗位工作经验一年以上，可以长期从事优先。改刀薪资标准：4000-4600元之间，（需要试刀工之后定工资）公司待遇：每月4天带薪休息，法定节假日有休息。公司免费提供食宿工作满一年，享有五天带薪年假公司每年组织员工旅游及各项技术竞赛持本人身份证原件，到店内应聘。
26,生产制造,"操控机器不出力日200 工作内容：可直接投递简历！没有钱的想挣钱的投简历投简历！因生产需求，现我公司招聘生产线操作工（一）招聘条件1.学历不限，有经验者优先；2.年龄：18-40周岁；4.根据生产计划实施完成定额产量（二）招聘岗位车间操作工（三）薪资标准1.综合工资5000--7000左右；（四）福利待遇1.入职签订劳动合同并且缴纳五险一金2.享受免费工作餐3.享受免费班车；4.享受每年健康体检；5.享受各类职业技能培训；6.享受节日福利及各类丰富团建活动；无需工作经验,过来包进，直接入职上班应届生，实习生，都可以接收【报名方式】报名方式请直接来电咨询报名！或向我投递简历"
27,生产制造,普工/去216/天日结 位描述长春安波福一厂[爱心]企业优势：[爱心]上手简单，厂区无异味。[爱心]冬天暖和，夏天凉快。[爱心]工作餐种类多，好吃不重样。[爱心]转正有五险一金。[爱心]招聘岗位：产线操作工[爱心]招聘要求:年龄18--38周岁。[爱心]工作时间:两班倒10～12小时[爱心]工资待遇：17/小时+1元绩效。[爱心]日结工资：压三天之后，第五天发第四天工资商业保险：每个月80元。员工食堂:炒菜.盖饭.水果.饮料应有尽有！[爱心]入职需求：入职前需要做体检(体检费满月报销)[爱心]面试地点:二道区温州街
28,生产制造,质检员轻松不累包吃住 1、负责依据检验标准对生产各环节的首件、尾件进行检验，并进行过程巡检。2、负责监督生产工艺的执行性。3、负责处理公司生产的不合格品或质量事故。4、负责计量检具的正确使用、保管和维护工作。5、负责对不合格品判定、标识、追溯、跟踪及反馈。6、公司安排的其他临时性工作任务。福利待遇：1、缴纳五险一金2、月休4天法定节假日正常休息各种节日福利3、免费班车，定期体检4、包吃包住加班补助5、绩效奖金
29,服务业,健身教练 岗位职责：1、负责门店顾客接待；2、为来店客户提供专业的美容/纤体咨询服务；3、达成销售意向，成功*所经营产品；4、维护好老客户。任职资格：1、普通话标准，形象气质佳；2、美容行业工作经验1年以上，具备团队合作精神；3、爱岗敬业，工作认真，具有较强的沟通能力和亲和力。工作时间：
30,服务业,跆拳道教练 关于跆拳道教育方面的人才。有无经验均可。
31,服务业,搏击教练员 现馆内招聘教练员，可带好在校学员，维护老生新生，认真教授散打搏击课程，有责任感。工资底薪＋全勤+提成＋话补＋奖金。老板好，帅哥美*多。
32,服务业,健身教练 1.熟练掌握增肌减脂等私人定制的课程2.要求有责任心，诚实守信3.加入我们后免费培训，分配会员
33,人事行政财务,文员 负责整理档案资料、协助经理处理日常事务吉林省鉴文商务咨询有限公司一.寻找城市合伙人1.主要负责对外人员招聘安置工作办理入学学历提升参军入伍等咨询.2.要求：**不限学历不限整体形象干净利索每个月可以完成公司下发的任务3.薪资待遇：时间：9点?4点上班不加班双休薪资：2000无责底薪（其他根据个人能力认真做事轻松5000+）二.合作的两个方向：1.文员：无责底薪2000每个月完成公司派发的任务会奖励加提成（奖励500?1000）（提成根据所完成的而定）2.线上：没有底薪赚提成具体工作时间自己安排没任务，没压力（公司每天会发福利达标公司的奖励制度也会有奖励）线上的工作和公司文员基本一致但是你开始您必须做线上线上开一单公司才可以招聘你我们公司对能力要求很高
34,人事行政财务,朝九晚六底薪4K招人事 公司为娱乐直播类的传媒公司，人事专员日常招聘主要为主播、运营、经纪人等岗位，招聘软件由公司提供，都是全年会员。试岗七天，通过算工资，无责底薪3000+提成，，提成为到面每人5元，没有任务要求，只要每天完成后台200-300条信息就可以。工作内容：1、负责公司的招聘工作，求职者邀约，应聘人员的接待、应排及初试；2、配合新员工进行入职及离职办理；3、负责新员工岗前培训工作；4、员工考勤、资料统计、数据审核等职位要求：大专及以上学历，常期稳定，有相关工作经验者优先1、掌握基本人力资源基础知识；2、有较强的执行力和责任心；3、有亲和力和服务意识，良好的沟通领悟能力；4、工作主动、细心、踏实，且具有较强的原内则性；5、具有敏锐的观察能力，能够主动发现问题；6、掌握和应用基础的办公软件，有较强的学习意识。工作时间：9：00-18：00，午休1小时，每周日休息一天，法定节假日正常休息。
35,运营客服,快递客服 岗位职责：1、受理及主动电话客户，能够及时发现客户问题并给到正确和满意的回复；2、与客户建立良好的联系，熟悉及挖掘客户需求，并对客户进行系统的应用培训；3、具备处理问题、安排进展、跟进进程、沟通及疑难问题服务的意识跟能力，*大限度的提高客户满意度。遇到不能解决的问题按流程提交相关人员或主管处理，并跟踪进展直至解决；4、具备一定的销售能力，针对公司现有的客户进行营销，让客户接受更为广泛的网络产品，达到*好的网络营销的效果。5、不断接受公司的各项业务和技能提升培训。任职资格：1、专科学历，有一定客户服务工作经验或销售经验，有一定的客户服务知识和能力。2、计算机操作熟练，office办公软件使用熟练，有一定的网络知识基础，熟练使用Photoshop等制图工具者优先考虑。3、要求一定要有“客户为先”的服务精神，一切从帮助客户、满足客户角度出发。4、性格要求沉稳、隐忍，善于倾听，有同理心，乐观、积极。普通话标准、流利，反应灵敏。5、热爱工作，敬业、勤恳，乐于思考，具有自我发展的主观愿望和自我学习能力。可适当加班者优先。工作时间：8:00－17:00
36,运营客服,不跑外的坐班客服 工作内容：工作内容很简单很轻松，就是打打电话，召回以前的老玩家回归游戏就可以了，电话玩家资源都是公司提供的，没有任何的难度的，我们使用电脑外呼系统自动拨号的，无需我们手动拨号的，解放了我们的双手。职位要求：格活泼朗，语言表达能力强，年龄20-32岁（我们需要更多新鲜血液注入，你将会成为我们的培养重点）工作时间：上班时间：考虑到年轻人起床难得问题，我们把上班时间调整到上午9.00！下班时间7.30。中午休息一个小时，下午还会有不定时的水果零食发放，我们还会组织有趣的益智类活动，放松精神，培养团队协作的能力。薪资：底薪5000转正晋升只要你能力到位，我们不会埋没任何一个优秀的员工，这里的晋升只看能力不看资历的哟我们的客服月收入5000+以上
37,安保消防,力旺东玺台小区保安 岗位职责：1、确实掌握安全事宜，服勤于大门前、大厅内、后门及各*之警卫岗；2、遵行保安经理之指示，服勤安全警卫勤务，确保财产与顾客安全。任职资格：1、18?30周岁，身高175CM以上，身体健康，容貌端正；2、熟悉安全制度及安全器材使用、意外事件及紧急事故之预防与安排；3、良好的亲和力，退伍军人优先考虑。工作时间：
38,安保消防,"五险一金高铁乘务年假 欢迎留言，可直接联系或投递简历！！！一、招聘岗位1、高铁乘务员、餐吧乘务员2、列车员（高铁、普列）3、车站安检员、站务员、VIP接待员，票务员工作内容:1、负责协调旅客上下车,检车票务,认座,旅客咨询等工作2、负责车站出入站口检查工作3、负责服务礼仪,餐饮服务4、负责列车,站内安全管理,包括站岗,抽查旅客身份证件5、负责列车、站内安全工作职员任职要求:1，年龄18-28周岁，具有较好的语言交流能力;2，净身高150-160以上158-168以上160-170以上根据城市要求3，初中及以上学历;专业不限4，五官端正，面容姣好，身材匀称，动作协调，形象气质佳:5，拥有中华人民共和国公民身份6，本人及家庭成员无犯罪记录;7，身心健康，身体日常部位无伤疤，无纹身，无腋臭退伍军人，学生优先。二、福利待遇1，带薪基础岗位实习，带薪实训转正后月薪6000-8000以上(基本工资+其他福利津贴)国家法定节日发放相关福利及过节费用(中秋、国庆、元旦、除夕…);每年6-9月份发放防署费，11-12月份发放御寒费。2，转正后上几休几，综合上半个月休半个月。3，免费宿舍，被褥，免费无线网，宿舍有空调，24小时热水澡。4，晋升:半年一次晋升机会，并享受岗位津贴5，优秀员工可参加公司年会，并享受年终奖金2000-20000元6，公司统一上五险，一年后上一金7，免费被褥，当天安排食宿。长期合同制，签订长期劳动合同，一直可以工作到退休，享受养老政策。就业方向全国各客运段，所有员工转正后工作地点服从公司就近上岗！"
39,门店零售,营业员 【岗位职责】1.负责店铺日常运营，包括商品陈列、销售推广和顾客服务；2.接受顾客咨询，提供产品信息和解答疑问，达成销售目标；3.定期盘点库存，确保商品充足，处理退换货事宜；4.协助处理客户投诉，维护良好的店铺形象和客户关系。【任职要求】1.高中及以上学历，有零售或相关行业经验者优先；2.良好的沟通技巧和客户服务意识，有耐心，善于解决顾客问题；3.熟悉美妆日化或服装潮牌产品知识，能快速上手新商品；4.能适应早晚班轮班制度，具备一定的销售技巧。【福利待遇】1.提供行业竞争力的底薪加提成，月收入可达5000-8000元；2.商业保险，带薪年假；3.提供专业的产品知识培训和销售技巧提升机会；4.舒适的工作环境，位于购物中心或品牌专卖店，交通便利。
40,门店零售,诚聘收银员，服务生 薪资待遇：底薪3200满勤200+办卡提成+业绩提成，月工资4000--6000左右岗位职责：负责点点收银，买单任职资格：1、形象好，气质佳2、较强的服务意识，熟练使用电脑办公软件；3、具备良好的协调能力、沟通能力，负有责任心，性格活泼开朗，具有亲和力；
41,餐饮,收银员 精品快餐店收银员，店面不大操作简单，顾客都是年轻人素质高易沟通，能管事可以当个小店长加工资。
42,餐饮,"收银员/服务员 负责店面收银、结算、理账工作,有收银工作经验者优先；无经验有专门带教人；"
43,销售,高薪诚聘营业员早八晚五 年龄要求：30-55岁时间，管午饭其他待遇可面谈，详细可来电咨询岗位职责：负责快消品销售，有体销经验者、会销经验者、、电销经验者、保险经验者优先工作时间：早8点~晚5点工资底薪+提成+奖金，工资稳定5千左右有意向可以职级电话联系
44,销售,营业员 负责接待顾客、销售商品、核对账目等工作
45,司机物流,库管五险 工作内容：年龄35-55岁，有服务行业库房管理经验优先，稳重、细心、耐心，熟练使用电脑。职位要求：工作细心，有较强的的责任心，严格要求工作细节工作时间：8:30-17:30月休3天，五险
46,司机物流,公主岭果蔬大仓直招员工 1、分拣员岗：每天上班领取PDA设备，自己领取任务，按照设备上任务进行分拣工作，按照数量将生鲜，果蔬，日用品，酒水饮料，米面粮油等货品放到对应的筐位，，从存货区取货后放到地牛车上，不需要人工搬运，将货品按照数量放到应放的地点。工作简单，管理不严，仓库可带手机，个人计件薪资，多劳多得，上不封顶。工作时间小夜班：16:00-02:00.综合计件薪资：5000-8000元每月。2、打包岗：打包水果，蔬菜，称重，贴标签，装盒，装袋等，小组计件提成，打包*性偏多，工作*轻松，需站立工作。工作时间长白班：9:00-20:00.综合薪资：4500-6000元每月。要求：18-45周岁，**不限，认真仔细，吃苦耐劳，无案底，不要求学历，每月15号工资打卡。工作满天数，可预支工资。可提供员工住宿，仓库内有食堂。工作地址：吉林长春公主岭交界的地方长春大岭物流园
47,传媒,直播间演员 1、没有经验的、纯小白的都可以2、粉丝和用户的线上互动和维护;3、遵守公司的规章制度，配合公司安排的活动和免费的培训;4、网络直播内容严格遵守法律法规，杜绝一切低俗不健康行为;二:入职要求:1、年龄18到35，正规直播平台表演才艺，才艺包括唱歌，舞蹈，聊天，讲八卦，脱口秀，手工才艺。2、情商高，沟通能力强，能够活跃直播间气氛.3、线上直播，有设备的可以在家播，公司可提供全套设备三:薪资待遇1、保底薪资:8000-10000月+提成(月薪一万至十万，上不封顶)2、提供原创剧本短视频拍摄等包装。3、工作时间:主播自定，比较自由
48,传媒,诚聘带货主播 工作内容：1.直播期间，和粉丝互动，调动粉丝情绪，活跃直播间；2、在直播平台进行产品详细讲解，吸引粉丝关注并完成销售目标。3、策划直播内容，撰写直播脚本，提升视频及直播业务营收。4、参与团队视频拍摄和活动方案讨论，完成日常视频拍摄。5、跟进直播效果，复盘总结分析直播数据，并不断改进优化。薪资：面议，底薪+提成+绩效
49,传媒,招主播和经纪人月入万 招募主播啦；招募主播啦；招募娱乐主播啦!!!不需要露脸会聊天唱歌打游戏甚至是搞笑都可以有无经验均可【也可以兼职哦】线上线下看你时间安排这么自由的工作真的不心动嘛!！我们喜爱活泼又有才华的你你与美好生活的距离可能就差这一份工作公司十年老运营带你走向人生巅峰期待你的加入!!!面试面试！！！年龄要求；18-32周岁声音甜美有无经验均可任职要求；1，普通话标准性格开朗活泼自信热爱表现自己2，会聊天会开玩笑会搞气氛热爱沟通3，表发能力和应变能力强4，对互联网娱乐直播行业感兴趣5，没有经验的主播公司免费培训运营跟进指导工作内容；活跃直播间的内容，娱乐观众维护品频道秩序与游客互动，维护自己的粉丝保证纯绿色直播不露脸不需要才艺会聊天会游戏会唱歌都可以挑自己擅长的来无需来公司居家播即可设备有没有无所谓一部手机就可以播没有任何收费项目公司免费培训和运营指导只要你喜欢聊天就可无需担心会出错管理会一直盯着及时解决任何问题薪资待遇；有保底和福利两种选择1、保底；按麦序时长算保底{平台提成+额外奖励}以到银行卡为准2、福利；平台提成+麦序福利+麦序奖励+魅力奖励注：公司不抽取任何提点平台所挣得都自得干的好还有额外福利
50,传媒,游戏主播工作轻松过w自由 招聘游戏直播主播：年龄18-30岁之间公司承诺：专人培训，免费培训，提供直播设备，灯光设备，不高压每天工作时间可自主选择，时间短。工作内容：团体直播，工作有专业的培训没有经验的、纯小白的都可以，公司有专业的运营团队，去指导如何直播任职要求：性格活泼开朗，有上进心，有赚钱欲望，积极向上，不自私，有直播经验者优先。新人也可以，不要对自己没信心，面试之后只要通过，公司为你提供无责底薪兜底，专人培训，无押金，无任务，正规绿色平台，拒绝一切不良行为薪资待遇，公司提供无责底薪，保底薪资8000-10000不成问题，提供住房补助，本公司承诺不拖欠任何薪资公司环境好，通勤交通便利
51,传媒,"招某音短视频剪辑可无经验 1、学历专业，年龄18-30岁2、会简单的基本电脑操作2、无经验可学习，前期不懂会人带，良好的沟通能力，学习能力强3、对互联网设计,视频剪辑，ps,运营感兴趣，往长期往这方面发展4、会基本的色彩调搭配感、审美观，逻辑思维分析强，做事踏实，认真负责。福利待遇周末双休，朝九晚六"
52,传媒,"不露脸语音厅主持 工作内容:王者荣耀和平精英手游1.对游戏有一定的了解，沟通能力强，性格开朗。2.根据订单开启每日游戏操作，语音开黑。3.在游戏中与玩家沟通，跟玩家建立良好关系。4.性格开朗，会聊天，思维敏捷，喜欢玩游戏或会玩游戏有无经验均可薪资待遇:薪资待遇：试用期无责底薪3000+提成提供住宿转正后：底薪4000+提成，月收入6000-20000以上包吃住工作环境氛围轻松，都是同龄人沟通无障碍，提供免费零食及饮料。每月不定期聚餐，举办员工庆生Party,节假日提供精美礼品，工作状态随意简单轻松不累。"
53,传媒,高薪诚聘直播助理电联 服装带货主播10名，有意者请电联联系！！每天工作8小时，月薪8000，供吃住年龄25-45之间，口才好，身材好可试穿衣服，有无经验均可助播5名每天工作10小时，工作轻松，月薪5000，供吃住年龄25-45之间，主要工作配合主播上链接，下播贴号码，工作地点在江苏省南通市松原市有直播间，实习在松原，包吃住。能自己操作之后在南通市工作。
54,传媒,星探经纪人 工作内容：1.通过各平台、公司渠道招募，挖掘有潜力的主播或行业新人2.负责主播的入职及前期培训，入职后续维护职位要求：1.有传媒行业相关经验者，从事过网络工作者优先录取2.有较强的沟通能力和应变能力，有一定的抗压能力。3.对传媒行业抱有热情，愿意学习，喜欢直播行业，喜欢与人互动沟通薪资待遇：无责底薪4000+住宿+提成+年终奖+节假日福利+定期团建+五险。月薪5000~10000有无经验均可，师徒老带新，手把手带你赚钱！轻轨3号线在卫光街站下车，西行300米到远创国际A座；地铁4号线在卫星广场站下车，西行800米到远创国际A座
55,传媒,不露脸语音主播有保底 职位描述1、没有经验的、纯小白的都可以！2、粉丝和用户的线上互动和维护；3，发展空间大，优秀有能力可以升厅管4、遵守公司的规章制度，配合公司安排的活动和免费的培训；5、网络直播内容严格遵守法律法规，杜绝一切低俗不健康行为；三：入职要求:1、年龄18到35，正规直播平台表演才艺，才艺包括唱歌，舞蹈，聊天，讲八卦，脱口秀，手工才艺。2、情商高，沟通能力强，能够活跃直播间气氛.3、线上直播工作时间：中午12:00--凌晨3：00，可兼职，可全职。兼职每天4个小时，全职每天6个小时。都有高保底。培训为3天可在公司培训，培训算薪资，后台礼物*提点，额外还有福利奖福利待遇：1、绩效+奖金上不封顶。2、定期免费培训。3、提供优质食宿，也可在家办公，无需坐班，无需上下班打卡。4、生日、节假日福利。5、定期团建。6.带薪年假半个月
56,传媒,高薪聘星探包住 负责公司主播的线上招聘，引入，培训，维护等工作无责底薪4000+饭补+全勤+绩效奖金+提成奖金+年终奖+节假日福利+定期团建+五险。月休四天，工作时间中午12点~晚9点。负责公司主播的挖掘，引入，培训，维护。无责底薪4000+饭补+全勤+绩效奖金+提成奖金+年终奖+节假日福利+定期团建+五险。月休四天，工作时间中午12点~晚9点。
57,传媒,双休短视频拍摄助理带小白 1.中专及以上学历，18-30周岁。2.对设计师、计算机行业感兴趣者优先3.思维活跃，有创新能力或创新意识者优先4.想拥有一技之长，有个稳定发展好的工作者优先
58,传媒,某音某手短视频剪辑有人带 1.20-30周岁。2.对设计师、计算机行业感兴趣者优先3.思维活跃，有创新能力或创新意识者优先4.想拥有一技之长，有个稳定发展好的工作者优先
59,传媒,服装服饰拍摄打版 岗位职责：配合公司进行服装服饰拍摄，店铺打版宣传，短视频拍摄。任职资格：身高162~179体重匀称，身材比例匀称，五官端正，颜值在线。有拍摄经验优先。
60,传媒,不用赶早高峰的星探经纪人 传媒公司招聘星探运营负责公司主播的挖掘，引入，培训，维护。无责底薪4000+饭补+住宿+全勤+绩效奖金+提成奖金+年终奖+节假日福利+定期团建+五险。工作时间中午12点~晚9点。服从安排，有赚钱欲望，公司氛围嘎嘎好，老板人傻钱多，嘎嘎好相处！
61,传媒,高薪服装服饰拍摄打版 岗位职责：配合公司进行服装服饰拍摄，店铺打版宣传，短视频拍摄。任职资格：身高162~179体重匀称，身材比例匀称，五官端正，颜值在线。有拍摄经验优先。
62,传媒,短视频拍摄剪辑 拍摄视频剪辑视频做餐饮商家抖音号。工作时间每天1-2小时，老板是年轻人，想做一个重庆地毯火锅找一个懂得互联网剪辑运营的一起创业做得好给干股。
63,传媒,视频拍摄剪辑助理 拍摄剪辑助理主要工作内容运营抖音账号拍摄剪辑视频剧本和分镜创作有过相关从业经验独立运营过餐饮或服装类账号懂得直播流程和后台操作工作时间自由
64,传媒,带货主播 1；要求有带货经验2；气质佳，口才好3；吃苦耐劳，热爱岗位
65,传媒,诚聘短视频剪辑可小白双休 年龄18周---30周岁1、学历：工作经验不限。2、性格：乐观外向，有正确的价值观，责任心强、执行能力好，有良好的的沟通能力，能适应快速学习。3、经验：有短视频相关经验者或相关资源者优先，无经验学习能力强者亦可。4、爱好：短视频重度爱好者优先。
66,传媒,直播助理 一点都不累，唠嗑或者表演才艺每天3小时，39-60元年龄35以下，颜值才艺者优先
67,传媒,"某站短视频剪辑高薪双休 1、学历专业，年龄18-30岁2、会简单的基本电脑操作2、无经验可学习，前期不懂会人带，良好的沟通能力，学习能力强3、对互联网设计,视频剪辑，ps,运营感兴趣，往长期往这方面发展4、会基本的色彩调搭配感、审美观，逻辑思维分析强，做事踏实，认真负责。福利待遇周末双休，朝九晚六"
68,传媒,主播经纪人星探 负责公司主播的线上招聘，引入，培训，维护。年龄18-25周岁，无责底薪4000+饭补+全勤+绩效奖金+提成奖金+年终奖+节假日福利+定期团建+五险。月休四天，工作时间中午12点~晚9点。负责公司主播的挖掘，引入，培训，维护。无责底薪4000+饭补+全勤+绩效奖金+提成奖金+年终奖+节假日福利+定期团建+五险。
69,传媒,服装打版拍摄宣传日结 岗位职责：配合公司进行服装服饰拍摄，店铺打版宣传，短视频拍摄。任职资格：身高162~179体重匀称，身材比例匀称，五官端正，颜值在线。有拍摄经验优先。
70,传媒,期待高薪无责保底主播电联限18-35岁 欢迎有意者可以直接电话联系公司禁忌：禁忌低俗直播，禁忌暴露直播，只允许唱歌，聊天。严禁一切低俗文化！公司提供设备直播间，可以住宿，每天额定工作六个小时不需要拍短视频那么辛苦。现在主播平均收入均在一万以上，越努力越幸运。直播环境安全舒适高档写字间设备都是的有专业调试团队经验丰富的运营管理薪资待遇:无责保底4000+时长奖励+礼物分成上不封顶+新人奖励直播地址:红旗街商圈，金谷国际。交通便利，购物，休闲，赚钱三不误，快来吧小伙伴们1、需满18周岁以上(全职，兼职允可）2、如唱歌，乐器，脱口秀，聊天等；3、形象气质佳，思维敏捷和应变能力；
71,传媒,8k高保底无责主播供住限18-35岁 有意者可直接电话联系或者投递一份你的简历，我们会尽快联系你！福利待遇：（1）公司将为你提供专业的平台，专业直播设备，。（2）专业超管带你，只要按照超管说的做保证个月就赚到普通工作3倍的钱。。。（3）入职满一年交五险一金。无任务，无押金，接受0基础，每天仅需6小时，无加班。。薪资待遇：1.月保底6000+奖金+礼物提成（无上限），没有上限，努力决定上限，2.工作时间：时间段不限，轻松不累，鼓励多播，多劳多得，任职要求：1、有无经验均可，有无才艺均可，公司配备声卡设备2、学历不限，18-30岁之间，要求个人素质好，责任心强，无任何不良嗜好，具有较强的事业心和自信心及上进心。4、热情活泼、喜欢与人互动交流，善于调动气氛，互动能力强，
72,传媒,高薪诚聘主播供住电联限18-35岁 招手机音频语音聊天主播，语音唱歌主播，线上直播，免费培训，不需要到公司上班无需面试线上试音即可。抖音音频直播平台主播热招中~绿色直播平台1、手机音频直播，不需要设备，一部手机即可2、简单方便，时间自由，上手快，不需要露脸3、不需要押金，不需要投资，只要你有手机4、对声音的要求不高，只要你能说话5、皆可，有无经验均可6、只需要有颗负责任的心，好好直播7、年龄18-32周岁可提供住宿住宿环境好
73,传媒,快手抖音娱乐主播无责保底限18-35岁 招新手主播，娱乐主播，才艺主播线上主播线下主播*培训保底薪资7000-13000，经验不限，时间自由，公司提供直播间设备公司提供:高端直播间、专业直播设备、化妆师、造型师、形象打造、才艺教学、专业摄影师拍摄、剪辑精细化团队全程*服务。运营、短视频拍摄与剪辑、人气卡扶持、作品热门*、线上资源对接、网红孵化与培养直播平台:抖音休息时间:自由安排，遵从主播意愿直播内容:直播间以聊天、互动为主(全程1对1跟播培训)不要求直播经验和才艺工作地点:绿园区吾悦广场A座任职要求:1.普通颜值就可以(美颜比你想象的强大》2.活泼，开朗，性格好，喜欢与人聊天3.年龄30岁以下福利待遇:团建，节假日礼品，不定期聚餐，节假日机票，景点门票
74,传媒,急招想挣钱主播无责10K限18-35岁 有无经验均可，公司会对新主播进行培训运营*扶持；岗位要求：1.不限经验，小白、新老主播都可加入！2.颜值在线，形象气质佳3.活泼开朗、喜欢聊天、时间充足4.工作态度积极主动（积极配合运营团队及公司安排）薪酬待遇超高无责保底6K到10k，每天4到6小时+高额提成（40%-55%提点），（接受零粉丝，零经验）全职每天4到6个小时账号归个人所有！有试播的机会，如果不满意七天无理由可以退！只要你能坚持下去，我就可以一直跟着，带你涨粉，赚钱！保姆式的经纪人！另招聘团播主播要求无大面积纹身配合公司跟舞蹈老师学习简单抖音热门舞蹈薪资8k?10k
75,传媒,视频主播提供设备在家播 做快手一线平台娱乐直播，有无才艺均可，会聊天会捧人就行！要求形象打开美颜看的过去就行！给你配全套直播设备包括苹果手机，不要押金，不签合同，无套路，每晚18：00点至24：00点，6小时保底4000-5000元，薪资上不封顶，无任何缴纳费用，没有违规违法行为，正规线上直播公司，在家播就行！全国招聘在家播就行
76,司机物流,诚聘B票值班司机 工作内容：其他线路休息负责替班工作，没有替班工作的时候在公司值班，职位要求：有熟练的9米6、7米7驾驶经验，服从公司领导安排工作时间：电话详谈
77,司机物流,叉车司机月结溜达岗 工作内容：电动叉车开电运输叉车无证可学月结5000+职位要求：无特殊岗位要求都能干有人教活轻松简单不累工作时间：倒班工作月休4天全市班车提供工作餐有宿舍公司为员工提供俩餐米饭水饺拉面馒头面包牛奶等丰富美食
78,司机物流,长春德邦聘分拣员6-7千 1、【招聘岗位】：装卸工、分拣员2、【岗位要求】：年龄18-50周岁，能上夜班者优先考虑（可接受无经验人员有人带）3、【薪资待遇】：装卸工7-9千/月，分拣员6-7千/月，月休4天4、【食宿情况】：住宿有宿舍，每月有食宿补贴300元，住宿在补贴里扣一部分，吃饭公司有食堂5、【其余补贴】：工龄奖、满勤奖，夜班补助、亲情1+1等6、【工作时间】：装卸夜班：19点--07点，装卸倒班：02点--12点，12点--22点，半个月一倒班，分拣夜班：19点--07点7、【工作内容】：装卸：进行装车或卸车工作，大件有叉车地牛等设备，小件货物码放整齐；分拣：在传送带附近进行货物的短距离搬运，纸箱货物较多，件30公斤左右
79,司机物流,菜鸟裹裹取件员 1、负责区域内的物品送达及货款的及时返回；2、执行业务操作流程，准时送达物品，指导客户填写相关资料并及时取回；3、整理并呈递相关业务单据和资料；4、客户的维护，客户咨询的处理和意见的反馈；5、突发事件的处理。任职资格：1、初中及以上学历；2、熟悉当地地形，有同行业工作经验者优先；3、吃苦耐劳，人品端正，做事仔细认真；4、身体健康，无不良嗜好。工作时间：编辑职位
80,司机物流,装卸工卸方便面220活多 1．工作内容：点申请职位，打电话主要在库房卸果汁，重量在10-50斤左右，来就干活，常年有活，活多。.2．薪资待遇：点申请职位，打电话每天能挣到200至290元，日结工资，时间自由.3．工作时间：点申请职位，打电话可兼职，也可全职，随时来随时干活，可洗热水澡.4．福利待遇：点申请职位，打电话有寝室，提供吃住、干活有辅助工具，地牛和推车，当天安排食宿。.5．单位地址：点申请职位，打电话长春市火车站附近点申请职位，打电话，给你详细介绍
81,司机物流,标品/蔬菜分拣员 工作内容：标品/蔬菜按照线路投放职位要求：长期稳定工作时间：晚上10点-凌晨5点，工作地点海吉星A3物流库
82,司机物流,叉车司机溜溜达达五千八 工作内容：轻松简单有人带不出力开动电运输小车电运输叉车月结5000-6000职位要求：无任职要求直接入职福利待遇：全市免费班车提供工作餐有宿舍无需体检直接入职工作时间：倒班工作月休四天恒温车间冬暖夏凉车间严格执行5S标准除湿恒温无尘无噪音无异味
83,司机物流,日结红旗叉车工 工作内容：负责运输货物职位要求：18-50周岁工作时间：早8-晚8有限工时11小时
84,司机物流,叉车日200班车食宿 成手叉车司机、、、要求：16-50周岁，成手有叉车证，可以进场试岗，试岗通过没有试用期直接上岗感兴趣的提供简历
85,司机物流,物流叉车工平叉 【岗位】高位【要求】18-45周岁，【工作时间】8：00-16：00，16：00-24：00，8小时俩班倒（具体工作时长根据实际生产安排决定）【福利待遇】工作满六个月以后择优转正，缴纳五险一金【薪资待遇】叉车：月结20元/小时，每月25日结算上月整月薪资（如遇法定节假日顺延或提前）
86,司机物流,叉车工 任职资格：1、有叉车操作经验，有叉车证；2、能适应倒班；工作时间：12小时两班倒，早班：8：00-20：00，夜班20：00-次日8：00.
87,司机物流,商务司机 岗位职责：1、负责公司外事接送，给公司高管开车；2、负责公司车辆保养、维修和清洁工作；3、协助处理公司车辆保险、索赔、年检办理；4、协助处理日常行政事务。任职资格：1、年龄28-35岁，C1-C2--B1本，5年以上实际驾驶经验，驾驶技术娴熟，熟悉本地路况；2、无不良驾驶记录，无重大事故及交通违章，具有较强的安全意识；3、懂商务接待礼仪，具有一定的服务意识；4、为人踏实、老实忠厚，保密意识强、责任心强，能适应加班。
88,司机物流,库管员3千5-4千五险 工作内容：现场的收发货管理职位要求：年龄35-45质检工作时间：早八晚五，长白
89,司机物流,"诚聘市内箱货司机电联 司机有快消品经验的优先薪资待遇:5000?6500元餐补+满勤元+年终奖（有意向可投递简历或直接拨打电话）要求：持有C票以上驾驶执照,开4.2米厢式货车司机2名负责市内货物的配送、装卸和清点,司机，有工作经验者优先考虑作息时间：早6点晚5点"
90,司机物流,装卸工轻松活不累 轻货跟车装卸汽车零部件。工作地址：长春市内高新区超然街与顺达路交汇处长春力登维科技产业有限公司。请直接拨打应聘电话联系
91,司机物流,库房管理员 1.理清货物录入库存2.卸货到仓库、备货、配货3.早七晚五，月休两天，如不休息加200全勤奖金4.货物为休闲食品、零食、饮料、膨化食品
92,司机物流,蔬菜分拣日结能看手机 工作内容：负责分拣水果蔬菜及日用百货1.经验不限。年龄：18--45岁二.岗位内容：无须经验、统一培训、简单易操作三．薪资待遇：1.综合工资5000-7000元2.员工享受法定节假日，婚假、丧假、产假、病假.带薪年假，节假日，生日等福利。3.不定时组织聚餐，年会等四、吃饭住宿1、免费提供食宿
93,司机物流,长春蔬菜水果分拣高薪 一、薪资福利：工资保底+绩效+夜班/冷冻补助+加全勤奖综合薪资6000-8000，上不封顶能者多劳能力高可过万干满一个星期可预支薪资可提供住宿：宿舍有空调，冬暖夏凉月休四天可根据自己时间自由调休免费提供工服手套等作业设备员工食堂附近小吃物美价廉二、工作要求：1.分拣：负责货品（菜品、酒水等）的分拣工作，按照订单要求去分货，干活麻利不拖拉，服从管理，18-45周岁，**不限，2.PC加工：水果，蔬菜称重，贴签，装盒，装袋，打包等，比较轻松，三、上班时间：分拣16:00-02：00，20:00-02:00打包09:00-20:00/23:00-09:00固定班次不倒班
94,司机物流,长春高薪诚聘装卸工8k 【岗位职责】：装卸、分拣、扫描【任职资格】:45以下【工作时间】:7:00-19:00倒班月休4天【薪资待遇】:绩效+补助=7000-9000从事过本行业者优先考虑。公司直聘，不收取任何费用。
95,司机物流,小车司机 驾龄5年以上，无不良驾驶记录，无重大交通事故，年龄30到40之间，能接受出差。
96,司机物流,装卸工卸粮油260 1．工作内容：点申请职位，打电话主要在库房卸果汁，重量在10-60斤左右，来就干活，常年有活，重量可选.2．薪资待遇：点申请职位，打电话每天能挣到200至380元，日结工资，时间自由.3．工作时间：点申请职位，打电话可兼职，也可全职，随时来随时干活，可洗热水澡.4．福利待遇：点申请职位，打电话有寝室，提供吃住、干活有辅助工具，地牛和推车，当天安排食宿。.5．单位地址：点申请职位，打电话长春市火车站附近点申请职位，打电话，给你详细介绍
97,司机物流,小车司机 任职资格：1、年龄21-60岁，C1本及以上均可，3年以上实际驾驶经验，驾驶技术娴熟，熟悉本地路况；2、无不良驾驶记录，无重大事故及交通违章，具有较强的安全意识；3、懂商务接待礼仪，具有一定的服务意识；4、为人踏实、老实忠厚，保密意识强、责任心强，时间不限
98,司机物流,送货/配送员卸果汁长白 1．工作内容：点申请职位，打电话主要在库房卸果汁，重量在20斤左右，来就干活.2．薪资待遇：点申请职位，打电话每天能挣到280至380元，日结工资，时间自由.3．工作时间：点申请职位，打电话可兼职，也可全职，随时来随时干活，可洗热水澡.4．福利待遇：点申请职位，打电话有寝室，提供吃住、干活有辅助工具，地牛和推车.5．单位地址：点申请职位，打电话长春市火车站附近点申请职位，打电话，给你详细介绍
99,司机物流,C1驾驶员 1：驾龄满一年，接送客人往返目的地2：底薪7千+出车补贴一千+奖励，综合薪资8千起。3.公司提供车辆保养和保险，无需承担额外费用；4：有意向欢迎投递简历，具体面议
100,司机物流,卸方便面270一天一结算 1、每天能挣200-300元左右，日结，可兼职，可全职，随时来随时干活.2、可通勤，可兼职，可住宿，可洗热水澡，有事可随时请假，时间自由.3、主要在库房卸日用百货、生活用品，重十几斤，干活有地牛，推车.4、单位地址：长春火车站附近点申请职位，打电话，投简历，给你详细介绍
101,司机物流,招踏实肯干配送服务人员 岗位描述：送餐员/外卖骑手是指负责将外卖食品送到客户手中的职业人员。主要职责包括接收订单、准备食品、配送食品、收取款项等。招聘要求：年龄18-50岁，身体健康，无违法犯罪记录；具有骑行经验，熟悉当地道路和交通规则；具有良好的服务意识和沟通能力；具有团队合作精神，能够承受工作压力；具有手机操作和简单计算能力。薪资福利：薪资结构：底薪+提成；培训福利：提供岗前免费培训和职业发展培训。配送区域：根据公司的业务范围和需求，配送区域可能会有所不同。一般来说在城市区域内进行配送。工作时间：根据公司的安排，可能需要在早、中、晚三个时间段进行配送。
102,销售,销售业务员 40岁以下，有经验，会开车，主推百货市场，工资面议，可直接打电话咨询
103,销售,匹克急招店长1名 匹克体育招聘：店长岗位要求：?、工作乐观、勤劳、有责任心、学习能力强。?、年龄20-35岁，店长要求有运动品牌店长工作经验，店员有运动品牌销售工作经验者优先。薪资待遇底薪+补助+工龄+提成达成奖=月工资4000-8000，节假日3薪，每月带薪休息2天，每天工作7-8小时
104,销售,医药代表 工作地点：吉林省（根据能力划分市场大小）请求职者有意向后拨打应聘电话可自备交通工具，方便业务拓展，提高工作效率薪资待遇：100%高额提成+工作时间自由+晋升空间大（终端经理+县总+地总）岗位职责：负责所在地区的市场开发，面对药店及诊所等相关工作单位展开推广工作具有较强的沟通，协调，分析，推广及解决问题的能力，具有较强的事业心薪资标准：选择大于努力，我们的付出与收获成正比，只要你肯努力，薪资过万不在是梦我们坚信依靠底薪的业务不是好的业务，今天你的选择将成就明天更辉煌的自己不要看底薪，看提成！看提成！看提成！
105,销售,文员 职位描述因业务需要，现招聘销售内勤2名。工作稳定不累，办公环境舒适，氛围轻松。需要会基本电脑操作，个性踏实稳重有责任心。*好家距离公司近一些，能够长期稳定的，一经录用待遇优厚，有经验者优先。每月4天休息，中午有餐补。
106,销售,高薪资诚总经理助理 你渴望在新能源汽车的领域大展身手吗？如果你对新能源汽车充满热情，拥有卓越的销售技巧和积极进取的精神，那么我们诚挚地邀请你加入我们的团队！在这里，你将与前沿科技为伴，为客户带来绿色出行的全新体验。与我们一同开启新能源汽车销售的新篇章，成就非凡职业生涯！期待你的加入，一起为环保事业贡献力量，共创美好未来！
107,销售,早八晚五急招羊奶店店员 年龄要求：30-55岁时间，管午饭其他待遇可面谈，详细可来电咨询岗位职责：负责快消品销售，有体销经验者、会销经验者、、电销经验者、保险经验者优先工作时间：早8点~晚5点工资底薪+提成+奖金，工资稳定5千左右有意向可以职级电话联系
108,销售,奢侈品销售 岗位职责：1、负责专卖店珠宝、腕表及皮具等产品的导购销售；2、寻求并创造机会提升客户忠诚度；3、快速学习有关珠宝、手表及皮具的新知识信息；4、与售后服务部门联系处理客户的产品维修要求；5、确保店铺环境符合公司标准（如视觉陈列，清洁等）。任职资格：l、高中或职高以上学历，普通话标准，会基本英语对话；2、形象气质佳，外表宜人可亲，良好的待人接物行为举止；3、二年以上精品品牌销售经验，有销售珠宝、腕表、皮具等经验者优先；4、熟悉零售专卖店日常操作流程；5、客户服务意识强，有良好的职业素质；6、沟通表达能力、责任心强，具团队合作精神。工作时间：
109,销售,一汽大众奥迪官方应答员 职责:主要负责客户对各品牌介绍，咨询，答疑等工作，不推销，没有任务。要求:**不限，35周岁以下，大专及以上学历待遇:入职签合同，当月缴纳五险一金全年16个月工资，五险一金，班车，工作餐，节假日福利，年底奖金。工作时间:白班为主，一个月大概三四天夜班，夜班值班有休息室，工作环境好。
110,销售,社群运营专员 1.客服人员要求有电话销售经验，公司资源充足，不跑外，只电话回复客户问题。2.岗位职责电话回答问题、客户沟通、帮助客户购买、促成订单，待遇好提成高。3.薪资透明无责底薪4k+提成业绩越高提成越多，轻轻松松月入1万+。4.上班时间早八晚六。5.产品介绍OTC产品!有自己医院线下实体药店，药房都在卖，好成单，大品牌有保障!6.待遇不定时提供各种零食、茶水，公司提供午餐。本市面试人员，报销面试路费20元。快快乐乐上班，轻轻松松赚钱！
111,销售,不跑外聘网络销售 不加班??提成高?底薪高??收入高??三高的工作风卷来袭??想赚钱，来找我??纯微信销售底薪：3800+单值30%收入上不封顶不跑外，办公环境员工氛围良好你有能力，我们有资源，公司给你发展的平台，晋升空间非常大！让你开心赚钱。要求：**不限，有无经验都可待遇：不定时各种零食供应，不定时团建，节假日福利丰厚年底奖金，月休息四天带薪。期待你的加入，我们在电话彼端等着你的加入。
112,销售,医药项目经理 1.有医疗器械销售经验2.有良好的客户资源
113,销售,招聘客服有无经验均可 1．工作内容：负责线上回复，不打电话，有无经验均可，无学历要求，接受小白，应届毕业生，无经验有人带，工作轻松，好上手2．工作时间：早九晚五不加班，双休法休，公司氛围好，年轻人多，人性化管理，晋升空间大3．薪资内容：底薪5k＋绩效奖金，奖金多劳多得，上不封顶
114,销售,营业员 负责接待顾客、销售商品、核对账目等工作
115,销售,招聘服务生5000+ 长春市连锁浴足企业！岗位职责：1、热情主动引领接待顾客2、善于推销公司商品，达成销售意向3、完成所属区域内卫生清理4、遵守店内规章制度，服从管理5、公司注重内部提拔，晋升空间大任职资格：16?30岁，形象好，责任心强，亲和力强，具有良好的服务意识和沟通能力，为人乐观、开朗，工作认真，积极向上，具有良好的团队合作精神，有相关经验者优先。工作环境优越的理想岗位，人性化管理
116,销售,急聘客户休息区服务接待员 工作内容：1）客休区客户接待，指引客户饮用茶水、饮料；2）客休区电视机、饮料机、电脑等电器的日常开关：3）客休区卫生清洁维护；任职要求：1）工作积极主动，工作态度热情：2）对本职工作认真负责；3）认真完成部门领导的工作安排：福利待遇：五险，免费午餐，定期团建，节日福利。
117,销售,业务员 工资面议，形象重要，着装西服，优先考虑，**不限，一单一结，可全可兼，时间自由，能说会唠，早8，中休1，晚4，可签合同，详情咨询直接联系我，注意，不看私信，
118,销售,商务经理 【岗位职责】1.公司提供客户联系方式(不需要自己拓客)，商务经理负责联系并沟通，促进销售；2.与客户进行深度沟通，配合设计师了解客户需求，提供相关问题解答，推动签单成交；3.协调内部资源，管理合同流程，确保项目的顺利进行。【任职要求】1.大专及以上学历，市场营销、商务管理或相关专业优先；2.至少1年以上销售相关岗位经验，有房地产、装修服务或相关行业背景者优先；3.具备出色的谈判技巧和团队管理能力，能独立维护客户关系；4.具备良好的客户服务意识和抗压能力，适应偶尔加班和外勤工作，
119,销售,医药代表 负责打电话，加微信，促成销售，针对全国诊所药店，新人有师傅带，提成高
120,销售,超市理货员 小型生鲜超市理货员，产品日常陈列收银！
121,销售,"滴眼剂销售人员 岗位职责：1、负责公司省内及省外滴眼液（眼药水）产品的销售及推广；2、根据市场营销计划，完成销售指标；3、开拓新市场,发展新客户,增加产品销售范围；4、负责辖区市场信息的收集及竞争对手的分析；5、负责销售区域内销售活动的策划和执行，完成销售任务；6、管理维护客户关系以及客户间的长期战略合作计划。任职资格：1、学历不限；2、1-2年以上药品销售工作经验；3、反应敏捷、表达能力强，具有较强的沟通能力及交际技巧，具有亲和力；4、具备一定的市场分析及判断能力，良好的客户服务意识；5、有责任心，能承受较大的工作压力；6、有团队协作精神，善于挑战。面试时间：10点以后"
122,销售,招聘客服有无经验均可 工作内容:负责招聘，工作简单，有无经验均可上班有同事带，工作时间，早九晚五不加班，双体
123,销售,电商客服早九晚五月薪8千 工作内容：线上回复客户咨询解答问题不需要打电话工作轻松简单有老人带职位要求：年龄在18--45岁之间**均可有无经验均可工作时间：早九晚五不加班双休一个月休息8天节假日正常休息
124,销售,保底3500稳赚8K包住 家港集团，大型多元化集团企业，历经10年发展现拥有分公司200余家，总员工3000余人，旗下拥有家港地产代理公司、家港金融贷款公司、家港资产评估公司、家港装饰公司等众多子公司，业务涉及一二手房产及商业地产代理营销、租赁服务、金融贷款、法律咨询、室内装饰等。以下为置业顾问/销售专员岗位介绍，其它高薪精品岗位待遇及工作内容请电询或线上咨询了解。待遇及发展：1、3500无责任底薪（保底），55%~85%提成=月薪8000以上；2、家港内网26万套房源和客源，免费共享；3、五险一金、免费住宿，免费带薪培训，免费工装；4、新人奖、月奖，季奖，年终奖，每年境内外旅游；5、晋升：家港经纪人--分店店长--股东--区域股东--大区总监；6、家港经纪人月收入7000元（保年薪4万+）7、分店店长月收入30000元（保年薪24万+）8、股东月收入40000元（保年薪30万+）9、区域股东月收入50000元（保年薪50万+）10、大区总监月收入60000元（保年薪70万+）岗位描述：1、负责新客户和新业主的开发，前期接待和咨询解答；2、掌握客户与业主的需求，进行资源匹配，合适产品；3、负责网络推广、实地带看，促成业务成交；4、通过家港各事业部的辅助，展开专业贷款金融以及房屋装饰等客户服务；5、工作时间：8:30--18:00，午休一个半小时，月休息四天，自选可连休公司承诺：每一位家港人都可根据工龄和贡献分得一定股份，让每一位员工真正成为公司的主人。
125,餐饮,网红店招聘餐饮服务员 岗位职责：1、自觉遵守公司内的各项规章制度，工作安排；2、仪容仪表大方，着装整洁，准时参加公司各项例会；3、按要求做好责任区内、餐台、吧台的环境卫生；4、做好餐具各项补充，以使替换；5、熟知公司内提供的饮品及特点；6、做好收尾结束工作，做好防火、防盗。
126,餐饮,招聘韩餐厨师一名 招聘成手韩餐厨师一名，3-5年工作经验餐食制作菜品更新，能吃苦耐劳，干活干净利落，年龄50岁以下，无休息，包吃不包住！工作时间早九点到晚九点，不是成手厨师勿扰！
127,餐饮,服务员 负责点餐、传菜、桌面清洁、客人引导
128,餐饮,长春国泰必胜客服务员 必胜客长春国泰RIO招募（全职/兼职/任何班次都要能上班就要）招募对象：全职，18-47周岁。入职缴纳五险一金，每月满足工时167小时。超过167按1.5倍计算。享受5?15天带薪年假。工作时间灵活。8-16点，11-20点，15-23点。招募对象：1.全职2.兼职?晋升空间大?工作时间：周一至周日，根据您的空余时间每天工作4～8小时一周提供3-6天时间节假日法定假日可上班工作性质：生产区员工（产品制作）服务区员工（服务顾客）地址：长春国泰RIO必胜客公交、地铁直达
129,餐饮,地铁站内月6k交通服务员 【招聘年龄】18-35周岁【工作内容】1、在站内通过仪器对进站旅客进行安全检查，2、维持站内秩序，辅助站长的日常工作。【工作时间】班次一:07:00-15:00班次二:15:00-22:30（约6小时在岗时间）综合工资：5000-7000+五险+全勤包吃包住，免水电费，免费发放工服和被子奖金（查出违禁品）+节假日3倍工资+全勤奖等福利优秀员工评选：季度优秀员工评选10名奖励免费持工作证免费坐地铁，晋升空间大
130,餐饮,蛋糕学徒可小白有师傅教 上班时间：9点-6点，早9晚6住宿条件:双人间、淋浴、wifi、空调、洗衣机、现成被褥、定期打扫包吃住4K-7k，入职五险一金，招学徒可无经验小白有意者，投简历或留言！！！不会可教，面试通过，当天安排免费住宿公司为连锁餐饮品牌，有意者投简历或者留言!岗位要求只招全职:1、年龄18-38岁，身体健康，有良好的职业素养。2、积极主动，诚实可信，具有良好的团队意识。3、动手能力强，对烘焙餐饮行业感兴趣。岗位职责:1、学习蛋糕、面包、烘焙等各类产品制作流程并独立操作。2、协助烘焙师产品制作及日常事务处理，不断提高制作技术。福利待遇:1、每天8小时工作制，无夜班。自由加班有提成。2、节假日根据国家规定放假。3、提供住宿，3-4人间(提供空调，家具，wifi，洗衣机，热水器)。4、独立上岗薪资组成:底薪+绩效+全勤奖+食宿补贴+加班费。5、其他福利:定期团建活动、年终分红、带薪年假、丰富下午茶等。
131,餐饮,服务员 负责外卖点单前厅卫生撤台等工作工作时间早九点晚十点
132,餐饮,按摩师 负责给客人调理身体，服从安排
133,餐饮,按摩师 急招足疗师，保健*师找工作可以直接电话联系店内提供吃住有工作经验者优先上岗，工资10000-15000无经验者店内负责培训，工资8000-12000岗位要求，有良好的服务意识，积极向上
134,餐饮,改刀 负责配菜、切菜、配料，熟悉各种原材料
135,餐饮,杂工 负责清洁、整理、等相关工作
136,餐饮,后厨杂工 麻辣烫店后厨及前台年龄35-50之间（有餐饮工作经验）提供食宿月工资3600满勤200月休两天
137,餐饮,文员 熟练操作办公软件，负责整理资料、协助经理处理日常事务
138,餐饮,搓澡师 免费提供午餐1年后有保险9：00～18:00招聘岗位：搓澡工1名提成标准求及待遇：是成手前期保底4000-5000（上不封顶）工作内容:有3年以上工作经验者优先，精通搓澡，要技术好直接上岗者保底要求:45岁以下有意者电话联系有带薪年假、带薪节假日、包吃、月休4天、早九晚六、一年后保险
139,餐饮,面食 负责精心加工、制作面点食品
140,餐饮,文员档案员 负责整理档案资料、协助经理处理日常事务
141,餐饮,火锅店服务员 负责点餐、传菜、桌面清洁、客人引导
142,餐饮,服务员 负责点餐、传菜、桌面清洁、客人引导
143,餐饮,助厨 一、岗位职责：1、洗菜、切配、洗碗3、听从分配和安排。二、任职资格：1、身体健康，年龄25-55岁；2、有相关工作经验者优先考虑。三、福利待遇：1.入职满一学期，享有寒暑假各5天；2.年度免费体检；3.周末双休，法定节假日休息；4.节假日福利（礼金、礼品等）；5.每学期不定期团建，公司集体活动（集体旅行等）。
144,餐饮,服务员 冷饮店服务员茶饮师店长有经验工资待遇优厚
145,餐饮,洗碗工 负责餐具与其他用品清洗、分类摆放
146,餐饮,传菜员5千+供吃住 望有意者可以直接电话联系！！招聘长期服务员，有意向者电话联系，优先面试！可接受兼职，兼职时间12元一小时任职资格：1。年龄18-40岁，身体健康，能吃苦。2。品行端正，能吃苦耐劳。3。有烤肉店服务员相关经验。4。熟练服务2-3桌。薪资待遇：5000-8000，包吃住，待遇优。提供餐饮业有竞争力的薪资，每月15号发薪福利待遇：免费工服，每月定期团建聚餐，文娱活动，良好的晋升空间，月休2天，全勤奖每月200，员工生日节日福利，菜品酒水提成宿舍环境好有定期福利，住宿2-3人间（，24小时热水，员工衣柜，洗衣机，无线网络）；员工餐（每日三餐，荤素搭配，营养丰富，每周伙食改善）工作时间：早9点半到晚10点企业文化：公司发展前景广阔，工作轻松人性化管理，干的好努力实现人生价值，早日远离房贷车贷，顺心顺意的工作氛围，全体人员期待您的加入。有意向者电话联系或直接到店面试，优先录用！
147,餐饮,医馆业务 年龄22--441、亲和力强、语言表达清晰、流畅、具有良好的交流沟通能力。2、吃苦耐劳、踏实敬业、具有良好的职业道德和团队协作精神；工作时间：早8:00-晚17：00(具体工作时间根据科室规定)?
148,餐饮,同德路急聘服务员 岗位职责：1、自觉遵守公司内的各项规章制度，工作安排；2、仪容仪表大方，着装整洁，准时参加公司各项例会；3、按要求做好责任区内、餐台、吧台的环境卫生；4、做好餐具各项补充，以使替换；5、熟知公司内提供的饮品及特点；6、做好收尾结束工作，做好防火、防盗。任职资格：1、25-45岁，初中以上学历，身高160CM以上；2、有2-3年以上服务员方面工作经验者优先；3、面和心善，细心负责，表达能力及沟通能力强；工作时间：10：00-22：30午休90分钟每月带薪休息2天；一经录用待遇优厚，欢迎来到大家庭
149,餐饮,送餐员单多人少快来 有意向着急上班的请直接致电，我会直接安排面试上岗！！!薪资待遇工作时间：早九晚九休四天可分8个半天休只跑商圈内路线，系统派单，无需抢单，有无经验均可，公司提供租车服务，站里统一充电。晋升路线：骑手-组长-助理-储蓄站长-站长-经理-区域经理岗位职责1、送餐员负责接外卖系统派的订单，接单后按照订单信息取餐送餐；2、配送的物品；外卖食品；3、及时准确将餐品送到客户手中；招聘条件1、**不限，18到55周岁。2、有无经验均可，要求会骑电动车会看导航3、公司不收取任何押金费用，薪资待遇每天50单及以上，多劳多得，单价保底6元天气补助+远距离配送补助公司派单，单量充足（3.5公里之内配送，新人入职有老员工带）骑手肯吃苦干月入过万工作地点：全长春各个商圈站点可就近分配也可以选择单量高的站点。
150,餐饮,经开区高待遇招送餐员 岗位描述：送餐员/外卖骑手是指负责将外卖食品送到客户手中的职业人员。主要职责包括接收订单、准备食品、配送食品、收取款项等。招聘要求：总部特批站点，优惠多政策好年龄18-50岁，身体健康，无违法犯罪记录；具有骑行经验，熟悉当地道路和交通规则；具有良好的服务意识和沟通能力；具有团队合作精神，能够承受工作压力；具有手机操作和简单计算能力。薪资福利：薪资结构：单价6.5元/每单+新人奖2000元+综合收入8000-12000.装备干满3个月，免费，培训福利：提供岗前免费培训和职业发展培训。，配送区域：根据公司的业务范围和需求，配送区域可能会有所不同。一般来说在城市区域内进行配送。工作时间：根据公司的安排，可能需要在早、中、晚三个时间段进行配送。
151,门店零售,店员/营业员 岗位职责：1、接待顾客的咨询，了解顾客的需求并达成销售；2、负责做好货品销售记录、盘点、账目核对等工作，按规定完成各项销售统计工作；3、完成商品的来货验收、上架陈列摆放、补货、退货、防损等日常营业工作；4、做好所负责区域的卫生清洁工作；5、完成上级领导交办的其他任务。任职资格：1、高中以上学历；2、有相关工作经验者优先；3、具有较强的沟通能力及服务意识，吃苦耐劳；4、身体健康。工作时间：早班9:30到下午6点，中班是下午1点到晚上9点，晚班是下午四点半到晚上十二点半。月休两天，节假节假日和周末不能休息。
152,门店零售,营业员 负责接待顾客、销售商品、核对账目等工作
153,门店零售,超市营业员 负责接待顾客、销售商品、核对账目等工作，有销售水果经验，会陈列，懂水果，底薪加提成
154,门店零售,店员/营业员 岗位职责：1、在美发店面对顾客销售商品.2、日常客服。定期组织促销活动。3、日常货款回收。退换货处理。4、完成领导交办的其他任务。任职资格：1、有亲和力。2、具有很强的沟通能力及服务意识。3、体貌佳。形象气质良好。4、年龄16-35岁.高中以上.身体健康。5、不吸烟无表面纹身。工作时间：上午10点~20:00月4休。其它相关:带薪休假。年终奖金。工作地:长春市内。就近分配。
155,门店零售,万达广场招聘店员 服务意识强，形象佳，销售能力强数码产品，手机配件
156,门店零售,店长营业员 店员有药品销售经验2年以上，年龄45岁以下，懂联合用药，会操作电脑，有责任心，有执业药师证优先。店长有3年门店管理经验，过往业绩优秀，全面参与店内营销管理，业绩分成面议。
157,门店零售,收银员 有工作经验优先，待遇优厚，细节电话联系或微信
158,门店零售,店员/营业员 招聘店员。岗位职责：1、接待顾客的咨询，了解顾客的需求并达成销售；2、负责做好货品销售记录、盘点、账目核对等工作，按规定完成各项销售统计工作；3、完成商品的来货验收、上架陈列摆放、补货、退货、防损等日常营业工作；4、发货物流、快递任职资格：1、会开车，有驾证；2、有相关工作经验者优先；3、具有较强的沟通能力及服务意识，吃苦耐劳；4、货品上架，发货。工作时间8:30－18:30月休2天，法定节假日正常休息。
159,门店零售,超市收银理货员 岗位职责：1、遵守各项财务制度和操作程序；2催收已退未结的账目，将未结帐目报告给店长3处理好退款，付款4、确保前台的所有程序都按照公司的帐目标准工作时间：白班早7晚7晚班晚7早7不包吃5白班晚班一个月一到班
160,门店零售,店员/营业员 岗位职责：1、接待顾客的咨询，了解顾客的需求并达成销售2、负责做好货品销售记录3、完成商品的上架陈列摆放、销售等日常营业工作；
161,门店零售,菜鸟驿站理货员 1.负责每天接听问询电话；2.负责系统工单处理；3.负责每天快件的入库；4.负责每天快件的出库；5.负责月末快件的盘库；6.负责办公场所的卫生；7.年龄不限，会用智能手机；8.工作时间8：30至19：00。有无经验均可，有专业同岗位负责培训。
162,门店零售,急招前台收银员5千 负责酒店，洗浴前台收银，工作环境好，工作简单轻松底薪3500，满勤200，有售卡提成，月均实发5000以上酒店提供食宿，半年以上底薪涨50元有意向可以直接电话联系
163,门店零售,"收银员 负责店面收银、结算、理账工作,有收银工作经验者优先"
164,门店零售,急招吧员收银员4000+ **不限。18到35岁之间无不良嗜好。形象好。气质佳。有无经验均可工作环境好。公司氛围好。月薪3500-4000有意向者可直接电话咨询。
165,门店零售,"蛋糕店长 岗位职责：1、全面主持店面的管理工作，配合总部的各项营销策略的实施；2、执行总部下达的各项任务；3、做好门店各个部门的分工管理工作；4、监督商品的要货、上货、补货，做好进货验收、商品陈列、商品质量和服务质量管理等有关作业；5、监督门店商品损耗管理，把握商品损耗尺度；6、掌握门店各种设备的维护保养知识；7、监督门店内外的清洁卫生，负责保卫、防火等作业管理；8、妥善处理顾客投诉和服务工作中所发生的各种矛盾；9、负责对员工的培训教育。任职资格：1、大专及以上学历,专业不限；2、3年以上零售业管理工作经验，具有较强的店务管理经验；3、精通团队管理、客户管理、商品管理、陈列管理，熟悉店务的各项流程的制定、执行；4、较强的团队管理能力和沟通能力，能够承受较大的工作强度和工作压力。工作时间：上下午班倒早班：9：00?17：00晚班：14：00?22：00时间随所在商场随时调整。"
166,门店零售,餐饮店招聘店员营业员 岗位职责：1、接待顾客的咨询，了解顾客的需求并达成销售；2、负责做好货品销售记录、盘点、账目核对等工作，按规定完成各项销售统计工作；3、完成商品的来货验收、上架陈列摆放、补货、退货、防损等日常营业工作；4、做好所负责区域的卫生清洁工作；5、完成上级领导交办的其他任务。任职资格：1、高中以上学历；2、有相关工作经验者优先；3、具有较强的沟通能力及服务意识，吃苦耐劳；4、身体健康。工作时间：
167,门店零售,营业员45以内早八晚五 要求：年龄30?45，认真负责。岗位职责：做好销售，对新老顾客进行维护，爱岗敬业，认真负责。任职资格：1、想赚钱的，想好好长期工作的的.2.有耐心，爱心.能学习，3.较好的沟通能力、协调能力和团队合作能力；4.身体健康，具有独立分析和解决问题的能力。5.工作时间：早8:00-晚5:00
168,门店零售,聘大码女装导购4千起 乐派儿大码*装招聘，长春远大购物中心店长春重庆路活力城店工资底薪是2700+提成，4000-6000有意向可以直接电话联系
169,门店零售,快递超市理货员 ??大??????学????菜?驿鸟?站??????需????招??????员???工5名，工???????资3500－5000，上?????班???时???间8:00?18:30??，能?????吃????苦????耐???劳，有???责???任?????心，有?????经????验?优者?先，主????要??????负???责???入????库?????摆????货????给???客????户???取????件年???龄18－45岁
170,门店零售,鼻炎馆店员营业员 长春市内多家门店，10年老店负责接待顾客、销售商品缴纳养老保险与失业险有无经验均可，电话详谈
171,门店零售,药店店员/营业员 岗位职责：1、接待顾客的咨询，了解顾客的需求并达成销售；2、负责做好货品销售记录、盘点、账目核对等工作，按规定完成各项销售统计工作；3、完成商品的来货验收、上架陈列摆放、补货、退货、防损等日常营业工作；4、做好所负责区域的卫生清洁工作；5、完成上级领导交办的其他任务。任职资格：1、高中以上学历；2、有相关工作经验者优先；3、具有较强的沟通能力及服务意识，吃苦耐劳；4、年龄18-35岁，身体健康。工作时间：有工作有经验两年人靠谱月入保4000跟着门店一天7个半点
172,门店零售,眼镜店高薪招聘 工作内容：1、接待顾客的咨询，了解顾客的需求并达成销售；2、负责做好货品销售记录、盘点等工作，按规定完成各项销售统计工作；3、完成商品的来货验收、上架陈列摆放、补货、退货、防损等职位要求：有营业员或促销工作经验.具有眼镜销售或服务性行业的工作经验者；具有较强的沟通能力及服务意识，吃苦耐劳；**不限，年龄20-35岁，五官端正，形象好，普通话标准。
173,门店零售,老板有钱待遇好招导购 看见了就是机会，就是缘分，千万别错过，认真看看没损失！电话联系者优先！1，工作时间：八个小时早晚倒班。2，薪资待遇：3500?10000不封顶+五险+年终奖+带薪年假。3，月休3天。4，接待顾客并了解顾客需求然后达成销售。5，年龄25?40岁，有销售经验优先6，本公司注重团队文化氛围，员工相处融洽，老板人好。区别于别人家的竞争压力模式。现如今在长春整个市面上的工作，无非就是那几样，能轻松，环境好，靠自己努力，学习，听话照做就挣到前的工作，真的没有什么好工作，想挣得多，并且学习到知识，交到朋友，那你就别犹豫了，请来我们公司大胆尝试一下这份高端大气上档次的工作吧，努力能月月挣1万，不努力，刚开始保底3500，工作几个月熟悉了，也能月月六千，与其在家渺茫的带着，到不如看尝试一下，也没什么损失，我们在这等着你，给我打电话吧！
174,门店零售,理货员/陈列员 水果青菜上架，食品上架
175,门店零售,九台区卡伦湖收银员 工作内容：负责超市收银、理货工作。工作时间：早上8点半至17点半。薪资待遇：薪资2800+补助700+免费班车+15元/天餐补，入职当月缴纳五险一金+年终奖+节假日福利+入职一年以后有年假、工龄工资、旅游、体检。工作地点：九台区卡伦湖力旺湖语城售楼处。面试地点：朝阳区前进大街繁荣路交会力旺广场一楼太阳树超市客服中心。
176,门店零售,建材商店店员 负责接待顾客、销售商品、出库入库，打包发货，核对账目地址正茂生产资料市场工作时间：每年3月-11月，早7点晚6点，月休2天12月-2月，早8点晚4点半，月休4天春节假期带薪休假半个月，十五之后上班底薪3000元-4000元，试用期三个月，三个月后交五险会骑电动三轮车，需要到货站发货
177,门店零售,营业员 负责接待顾客、销售商品、核对账目等工作
178,门店零售,急招仓库理货员5千 有意者可直接电话联系职位要求：要求18岁--45岁之间，有无经验均可，供吃住工作时间：夏季早7:30-晚6:00冬季早8:00-晚5:00不加班福利待遇：月休2天，过年带薪年假十天薪资情况：基础工资+销售额提成=综合薪资
179,安保消防,招聘夜班保安员 招聘夜班保安员：年龄：58岁以下工作地点：长春规划展览馆工作时间：每月上半个月夜班，隔一天一上；17.00-8.30工资福利：月薪2000，提供早晚餐，法定日上班三薪，其他节日福利
180,安保消防,保安 岗位职责：1、确实掌握安全事宜，服勤于大门前、大厅内、后门及各*之警卫岗；2、遵行保安经理之指示，服勤安全警卫勤务，确保财产与顾客安全。任职资格：1、45岁以下，身体健康，容貌端正；2、熟悉安全制度及安全器材使用、意外事件及紧急事故之预防与安排；3、良好的亲和力，退伍军人优先考虑。有夜班，上一天一夜，休两天两夜。
181,安保消防,4000长白班秩序员 主要负责园区的秩序维护工作，要求身高172cm以上。学历初中以上。白班年龄45岁以下，上班时间7:00-18:00；提供吃住，月休4天，法定假日。
182,安保消防,保安队长4-5千饭补包住 （招聘要求）：1、退伍军人和有大型商场管理经验者优先：年龄45周岁以下含45周岁，身心健康，无不良嗜好，有意者可直接电话联系详谈2.招聘保安队长1名，保安班长3名，保安不限（岗位职责）：1、品行端正，遵纪守法，无犯罪记录，退伍军人；保安队长：1.对所有保安员的管理、督导训练及考核2.每天检查保安值班日志内容，发现问题及时处理；3.督导值班员注意的礼仪礼节，接待访客注意事项及电话管制；4.定期组织保安人员业务知识的学习、军训以及各种应急演习；5.每天进行不定时查岗和不定时夜查，并及时纠正保安人员的违纪行为，督导保安员加强巡视安保区域；6.每周定期召开至少一次安全例会并有记录；7.负责公司门卫工作的管理，严格检查出入车辆、人员、物品并做好记录；8、制定每月值班安排表；
183,安保消防,长期急聘保安员待遇优 本公司常年面向社会免费直聘保安员岗位覆盖长春市各处，可依居住地按个人意愿就近分配要求18-58周岁以内，身高170cm以上无前科劣迹，无纹身，有责任心负责安保，巡逻
184,安保消防,二道临河街学校保安 1.长春保安集团招聘二道区学校保安，位置在临河街与东新路交汇，工资2150元，一周白班，两周上24休24，有餐，负责门卫服务，学校有延时补助二百多，要求年龄58岁以下，联系人左队长
185,安保消防,物业直招保安4000+ 岗位职责：园区站岗或巡逻，要求：45岁以下，身高175以上，身体健康形象良好，长白班早7.30到晚18.30，售楼处站岗工资一月4000，每月4天休息，供吃供住，可缴纳五险。
186,安保消防,一汽富维招坐岗保安3千3 一汽富维冲压件【招聘保安员】工资待遇：3300元/月周休1天不提供餐食岗位要求：年龄50岁以下身高170以上工作内容：门岗出入登记可以坐岗、来访人员及车辆时需站岗敬礼并做好询问登记、检查外出车辆内是否携带物品工作时间：分三个班次：00:00-8:008:00-16:0016:00-24:00
187,安保消防,保安 岗位职责：1.掌握小区内工作规律及特点，加强重点岗位的安全防范；预防、制止各种现行的违法犯罪行为；2.严格控制进出公司的人员及车辆，杜绝身份不明人员进入辖区；3.防破坏公物行为，经常巡查公共设施，确保其完好无损。如有损坏，及时向上级报告并作好记录；4.接受消防训练，管理本单位的消防设施，做好本单位的安全防范工作。确保特种车辆(如救护车、警车、消防车、垃圾收集车等)的顺利进入5.认真做好护管员每日交接班记录、巡逻记录和岗位出勤情况；对当班发生的注意事项要向下一班交接清楚；6.组织纪律性强、服从指挥，良好的职业道德及敬业精神。任职要求：18-55岁组织纪律性强、服从指挥处理突发事件沉着冷静
188,安保消防,轻松稳定夜班办公楼内保安 工作地点：东南湖大路与苏州南街交汇工作时间：17:00-次日8：00，上一休一岗位职责：1、确实掌握安全事宜，服务于门岗；2、遵行经理之指示，服勤安全勤务，确保财产与顾客安全。任职资格：1、身体健康，转业军人优先，良好的亲和力，有工作经验者优先，年龄60岁以下
189,安保消防,东中华路银行保安 长春保安集团，1.招聘银行保安，位置在同志街与东中华路交汇，工资1880元，白班上两天休一天，提供午餐，负责大厅巡视接待，要求年龄55岁以下，联系人左队长
190,安保消防,乘务员五险包吃住上几休几 一、招聘岗位1、高铁乘务员2、列车员(高铁、普列);二、应聘条件1、拥护中国共产党的领导，遵守国家法律法规，品行端正，作风正派，勤奋敬业，有较强的责任心、良好的职业操守和团队协作精神；2、年龄18-28周岁，身高穿鞋170cm以上、身高穿鞋160cm以上；3、中专及以上学历，不限户籍；4、五官端正，气质较好，语言表达能力较好，身体部位不可有明显伤疤和纹身；5、身心健康，辨色力和听力正常，具备正常履行岗位职责的身体条件，符合铁路行业健康检查规范；6、有以下情况之一者不接受报名应聘：：曾因犯罪受过刑事处罚的；：曾被开除公职或因违规违纪被解除劳动合同的；：涉嫌违纪违法正在接受审查尚未做出结论的；：受组织处理或处分，影响期未满的；：在近三年各类招考过程中被招聘单位或主管部门有弄虚作假或作弊行为的；：法律法规规定的其他情形。二、三、工作内容1、负责协助旅客上下车，检查票务，认座，旅客咨询餐饮等工作；2、负责车站入站(出站)口安检、检票工作；3、负责列车、站内安全工作四、薪资待遇1、转正综合工资：一线城市综合工资5000-10000(基本工资5000+绩效+全勤+月优秀员工奖+补贴+微笑之星)，二三线城市综合4000-9000(基本工资4000+绩效+全勤+月优秀员工奖+补贴+微笑之星)，用工单位缴纳国家规定的五险一金保险；2、首签2年，每年多次晋升考核机会，晋升空间大;3、上几休几(例如上二休二或上三休三等)，提供住宿，餐补；五、就业方向（根据个人意愿就近安排原则)全国各客运段，所有员工就近服从公司安排。
191,安保消防,物业诚聘夜班保安员 岗位职责;1、认真完成当值任务，坚守岗位，未经许可不得离岗；2、熟悉园区内相关设备、设施的位置和使用方法；3、严格遵守纪律，注重仪表仪容和礼节礼貌；4、爱护通讯器材和公有物品；5、遇到突发事件及时上报有关领导、并通知相关的行政执法部门，控制现场；6、做到严格操练、文明值勤、乐于助人、微笑服务；7、做好巡视记录，在巡视期间发现可疑人员及时进行盘问，上报主管或报警；8、外来人员和车辆必须经过详细盘问，并做好登记后方可进入园区；9、认真完成交接班记录，详细记录值班中发生及处理的各种情况；10、对于进出园区的人员和车辆必须严格遵守人员和车辆管理制度；任职资格：年龄60岁以下，身体健康，会写字，有责任心。工作时间：晚7点--早7点，每月休息4天，节假日串休。
192,安保消防,长春市内高薪诚聘保安 可就近分配，有意向者请直接电话联系工作内容：每天早晚高峰需要立岗，懂礼貌，热情服务业主。要求：净身高165以上，无纹身，年龄18-40周岁之间。薪资待遇：基础工资5200左右（包括饭补650元）算上加班可到6000具体看个人。长春项目较多！工作稳定，工作地址分布较多，可以实现就近分配的工作制度，详情电话联系！招聘地点：长春南关锦湖大路与芳草街交汇处云湖府邸长春二道东环城路2700号龙腾香格里长春南关东莱南街488号长春市南关区东湾半岛长春朝阳超凡大街4888号金越逸墅蓝湾长春朝阳蔚山路与茂祥街交汇处龙湖成溪云颂长春市高新区佳园路1555号龙湖天璞售楼中心
193,安保消防,东湾半岛幼儿园保安 长春保安集团1.招聘幼儿园保安，位置在东湾半岛附近，工资2180元，一周白班，两周上24休24，提供三餐，负责门卫服务，要求55岁以下，联系人左队长
194,安保消防,诚聘门岗保安电联 工作内容：主要小区门岗，工作简单不繁琐。职位要求：有保安经验优先选择薪资待遇：加班补助，底薪~详细薪资福利电话联系
195,安保消防,乘车人员包吃住五险一金 职位描述：1、使用文明服务用语，做好开车前后站点预报准备。2、做好清洁、检票、验票等工作，严禁旅客携带危险品、禁运物品和超限量物品上车。3、严格执行运价政策和票据管理及应收报解制度，负责票据的领取、登记、发售和保管工作。4、维护乘车秩序，爱护车内设施，保持车内清洁卫生，行车中积极配合驾驶员做好安全宣传工作。应聘条件：学历不限1、年龄18---35周岁内，身高170cm左右，身高160cm左右。2、身体健康，部位无大面积明显烧伤疤痕及纹身，及家族遗传病史，无前科。薪资福利：1、基本工资+其他福利津贴，综合工资每月4000-6000元。2、上一休一和上二休一3、免费提供食宿、被褥、免费无线网，宿舍有空调；4、有管理潜力者公司会极力培养，（储备干部空缺的时候提供晋升空间）。5、正式工作统一上五险一金。郑重承诺：公司承诺，不收取任何费用，不缴纳任何形式的押金。
196,安保消防,龙腾香格里小区保安 工作内容：早晚高峰需要立岗，懂礼貌，热情服务业主。工做时间：12小时制两班倒，早9至晚9点，晚9点至早9点。要求：净身高165以上，无纹身，年龄18-40周岁以内。薪资待遇：基础工资5200左右，（包括饭补650元）算上加班可到6000具体看个人。长春项目较多！工作稳定，工作地址分布较多，可以实现就近分配的工作制度，详情电话联系！长春市朝阳区超达大街4888号金越逸墅蓝湾长春市南关区锦湖大路与芳草街交汇云湖府邸长春南关区东莱南街488号东湾半岛长春市二道区东环城路2700号龙腾香格里
197,安保消防,诚聘物业小区门岗保安电联 工作内容：主要小区门岗，工作简单不繁琐。职位要求：有保安经验优先选择薪资待遇：加班补助，底薪~详细薪资福利电话联系
198,安保消防,保安 岗位职责：1、保安值岗或巡逻工作任职资格：1、18?55周岁，身体健康，容貌端正；2、无前科劣迹，无纹身烟疤；3、良好的亲和力，退伍军人优先考虑。工作时间：18.30-8.30，只上夜班，月休4天
199,安保消防,净月急招更夫 岗位职责：1、确实掌握安全事宜，服勤于大门前、大厅内、后门及各*之警卫岗；2、遵行保安经理之指示，服勤安全警卫勤务，确保财产与顾客安全。任职资格：1、50周岁以下，身体健康，容貌端正；2、熟悉安全制度及安全器材使用、意外事件及紧急事故之预防与安排；3、良好的亲和力，退伍军人优先考虑。工作时间：
200,安保消防,保安通达学校 要求：年龄在55周岁以内，身高170以上，身体健康，无前科劣迹时间：上24小时休24小时，周一到周五有工作餐，开学有200元补助月薪：2100地点：基隆街
201,安保消防,急聘夜班办公楼保安轻松 工作地点：东南湖大路与苏州南街交汇工作时间：17:00-次日8：00，上一休一岗位职责：1、确实掌握安全事宜，服务于门岗；2、遵行经理之指示，服勤安全勤务，确保财产与顾客安全。任职资格：1、身体健康，转业军人优先，良好的亲和力，有工作经验者优先，年龄60岁以下
202,安保消防,保安五险一金有食堂 1、工作内容：主要负责业户管理，入市车辆摆放，交通疏导，四防安全巡查等工作2、要求：18到50之间，身体健康，*负责，能适应倒班，退伍军人优先3、工作时间：上24休48小时4、福利待遇：入职缴纳五险一金，节假日福利，免费工装，食堂
203,安保消防,4000物业小区白班保安 任职要求：1.年龄：20-45周岁2.身高：170cm3.踏实工作、有较强的沟通能力福利待遇：1.薪资待遇：4000元，月休4天2.免费就餐：公司设有福利食堂，荤素营养合理搭配；3.法定假日串休、节日福利等各项优待，工作气氛融洽;地址：阳光美湖天地小区高新区超群南街与睿智路交汇
204,安保消防,夜班保安 岗位职责：1、固定夜班工作，确实掌握安全事宜，服勤于大门前、大厅内、后门及各*之警卫岗；2、遵行保安经理之指示，服勤安全警卫勤务，确保财产与顾客安全。任职资格：1、18?55周岁，身高170CM以上，身体健康，容貌端正；2、熟悉安全制度及安全器材使用、意外事件及紧急事故之预防与安排；3、良好的亲和力，退伍军人优先考虑。工作时间：18.30-8.30
205,安保消防,车间保洁员 岗位职责：1、负责车间分管区域卫生清理2、负责扫地车的日常养护，按照标准操作驾驶扫地车并及时充电；3、负责车间内消防设施、管理看板、挂架的表面洁净工作；4、车间清洁工具清理及摆放等任职要求：1、年龄50岁以内，干活干净利索；2、身体健康，无特殊疾病，吃苦耐劳，服从领导安排；
206,安保消防,秩序员3000元包吃住 岗位职责：1、维护园区公共秩序。任职要求：1、年龄18-54岁；2、两班倒，月休3天，法定节假日正常休；3、身体健康，退伍军人优先，无前科劣迹；4、工资：2500-3000元；退伍军人，持有退伍证者另加100元。节日福利、年终福利、定期体检、包吃包住
207,运营客服,诚招微信客服 招聘本店营销人员，只需一部手机利用闲暇时间在家就能做，要求是长春本地人，完成5000业绩提成1000完成业绩10000提成2000，以此类推提成以百分之20为标准。
208,运营客服,打字客服早九晚双休8k 工作内容：线上回复一些客户基本问题，解答问题，不用接打电话，工作轻松简单，有老人带。职位要求：年龄18---40岁之间，**均可，有无经验均可。工作时间：早九晚五，不加班，双休，中午休息一个半小时，法定节假日正常休息。
209,运营客服,客服 岗位职责：1、受理及主动电话客户，能够及时发现客户问题并给到正确和满意的回复；2、与客户建立良好的联系，熟悉及挖掘客户需求，并对客户进行系统的应用培训；3、具备处理问题、安排进展、跟进进程、沟通及疑难问题服务的意识跟能力，*大限度的提高客户满意度。遇到不能解决的问题按流程提交相关人员或主管处理，并跟踪进展直至解决；4、不断接受公司的各项业务和技能提升培训。任职资格：1、专科学历，有一定客户服务工作经验或销售经验，有一定的客户服务知识和能力。2、计算机操作熟练，office办公软件使用熟练，有一定的网络知识基础，熟练使用Photoshop等制图工具者优先考虑。3、要求一定要有“客户为先”的服务精神，一切从帮助客户、满足客户角度出发。4、性格要求沉稳、隐忍，善于倾听，有同理心，乐观、积极。普通话标准、流利，反应灵敏。5、热爱工作，敬业、勤恳，乐于思考，具有自我发展的主观愿望和自我学习能力。可适当加班者优先。工作时间：
210,运营客服,电商客服早九晚五月薪8K 工作内容：线上回复一些客户基本问题，解答问题，不用接打电话，工作轻松简单，有老人带。职位要求：年龄18---40岁之间，**均可，有无经验均可。工作时间：早九晚五，不加班，双休，中午休息一个半小时，法定节假日正常休息。
211,运营客服,电商运营 一、岗位职责：1.利用网络进行公司产品的销售及推广，负责公司网络平台的操作管理和产品信息的发布。2.负责天猫、拼多多平台产品上下架，整理店铺运营报表数据3.策划店铺促销活动，单品促销和关联营销，申报官方活动等4.提高店铺、广告点击率、浏览量和转化率，协助完成目标销售额5.熟练使用直通车6.能承受较大的工作压力，具有良好的执行能力和团队协作精神二、任职要求：1.大专以上学历一年以上淘宝、天猫店铺运营推广经验2.熟悉使用各项营销数据，并具有一定的数据分析能力3.家住兴隆山附近优先职位福利：五险一金、餐补、带薪年假、定期体检、员工旅游、节日福利
212,运营客服,快递客服 接受客户咨询，熟悉淘宝后台及购物流程者优先
213,运营客服,手游领队月薪8000+ 我们是什么？我们是一家传奇手游研发公司，磨铁自研自发5款游戏产品，目前公司规模2600+员工。你需要做什么？Gameservice以公会会长的身份去带着玩家体验游戏服务玩家让玩家有一个良好的游戏体验帮助掌握游戏技巧迅速提升战力等级避免产生不必要的充值浪费身份是公开透明的不是托也不推销也不拉新就是带着他们玩5、我们需要什么人？热爱社交、无社恐者、熟悉电脑基础操作你能得到什么？F级、E级底薪5000D级5500元C级6000元B级6600元*8300元S级底薪10000提成本帮4%?5.2%提点+D级以上交帮提成2%?2.6%工作时间：13:00?22:00福利待遇：宿舍（4星级酒店环境）、吃饭（员工食堂）、看病求医专家号我们帮你找、买奢侈品我们帮你找全网*低价，一切你想的到的，我们尽力去做到！！！
214,运营客服,电商类客服双休 工作简单多劳多得早八晚五双休法休氛围轻松干好自己分内工作有意者电话联系
215,运营客服,招电话客服专员五险 （招聘团队经理，有经验均可电话联系，底薪5000+提成）工作职责：1、主要操作各大商业银行信用卡业务，各逾期账龄都有，案件来源正规且稳定。2、掌握在手逾期案件具体情况，通过电话形式与欠款人沟通，依据银行客户政策制定相应还款方案。3、无任何销售性质岗位要求：1.**不限，可接受应届生；2.无征信不良记录，无犯罪记录3.普通话流利，具备较好的沟通技巧和说服能力；4.积极上进，具有良好的抗压能力、职业道德及团队精神。加入麟鸿的理由?1.无责任底薪+绩效奖金+激励奖金+节日红包+加班费+全勤奖试用期3个月试用期薪资到手范围为4000-6000元；转正后平均6000-9000+元，上不封顶；2.多彩福利：五险一金、周末双休、带薪年假、节假日福利、团队活动经费、下午茶、大金额红包奖励等。3.丰富培训：新员工培训、疑难问题培训、催收技巧培训、优秀员工交流，入职专人带教。4.作息制度：早8:30晚17:30、周末双休、法定节假日照常休息，有全勤奖，如有加班正常计算加班费，加班不强制欢迎投递简历详细沟通~
216,运营客服,3D标注员8K 职位描述：1采集车采集出来的路况.根据路况给采集出来的图片进行标注23D数据标注.2D拉框.点云等2岗位要求：学习能力强.对图像敏感者优先3有过2D3D标注经验者优先.接受无经验可免费培训7天4上班时间早9晚612点到1点休息5薪资待遇：*个月标注员基本薪资：2300+200爬坡期综合3000左右第二个月标注员基本薪资：2600+200稳定器综合4000左右第三个月标注员基本薪资：2800+200成手期综合4000-7000左右绩效工资按公司规定的绩效考核办法执行，不保底，不封顶.多劳多得.基本工资＋绩效＋满勤＋奖金6国家法定节日（元旦、五一、端午、中秋、春节）根据公司安排进行加班者，按日基本工资的三倍计算7工龄工资自入职后每满一年增加50元/月，*高为300元/月。
217,运营客服,直播运营 工作地点：五环国际大厦！工作地点：五环国际大厦！工作地点：五环国际大厦！工作内容1、负责内容建设营造直播氛围;收集数据并推进方案落实;2、关注行业动向并优化活动方案;招募新人;3、培养主播并协助开播;分析数据调整方向;4、引流控场并和粉丝互动；工作时间：12：00至20：00随主播时间走
218,运营客服,网店客服月薪6千不加班 工作内容：主要工作负责日常回复，邀约客户，有经理带你，公司提供资源，不跑外职位要求：18至40周岁，**不限，有无经验均可工作时间：早九晚五，不加班，中午休息一个小时
219,运营客服,网络客服月8k不加班 接受客户咨询，熟悉淘宝后台及购物流程者优先
220,运营客服,急招线上客服早九晚五8千 工作内容：线上回复客户的基本问题，解答问题，不用打电话，工作轻松简单，有老人带职位要求：年龄18-40周岁，**不限，经历不限，学历不限工作时间：早九晚五，不加班，月休四天，中午休息一小半时法定假日正常休息
221,运营客服,客服4K一6K包吃住 有意直接申请职位就可以了。有意直接申请职位就可以了。【岗位要求】：1、**不限，学历不是你的硬指标(我们只看付出)2、热爱喜欢这个行业想有个稳定发展，长期发展3、做事认真，（无身高、体重、外貌等要求）4、无经验者可带，【福利待遇】：1、工作时间:9：00~17:00（午休1小时）2、做六休一，法定节假日休息，带薪年假3、提供住宿（2-4人间宿舍，热水器，空调齐全，宿舍离公司3分钟路程）4、购买社保、为保障员工人身安全，为每个员工购买平安意外保险，提供五险一金5、每年1~2次公费出游，聚餐等6、有台球，乒乓球，跑步机等娱乐健身设施7、工作区域转正之后全所有区域都有安排，就近安排8、不定时组织各种比赛、电子竞技等（可获丰厚奖励）9、五险一金+包吃包住+年终奖客服
222,运营客服,抖音小红书运营 岗位职责：1.负责撰写简单文案，维护各大平台2.负责为公司提供的文案内容排班3.各个自媒体平台日常运营发布任职要求：只要会wps，做封面就可以，入职之后有人带，认真干就可以薪资待遇：无责底薪+转化提成+绩效奖金=综合5000-10000工作时间早十晚六中间休息一个半小时，不加班月休四天自选无销售性质无销售性质无销售性质
223,运营客服,客服线上回复不打电话8k 工作内容：线上回复客户问题解答客户问题不用打电话工作轻松简单有老人带职位要求：18至40周岁**不限有无经验均可工作时间：早九晚五不加班中午休息一小时
224,运营客服,招聘早九晚五不加班的客服 工作内容：负责整理客户资料，线上回复解答客户问题。工作时间一：早九晚五不加班双休薪资待遇：底薪五千加业绩奖金有需要也可直接电话联系！
225,运营客服,诚招小红书运营/有人带 工作内容：负责日常小红书抖音快手账号维护，使用这些拓客软件，进行品牌推广和营销，提高品牌知名度，吸引线上客户的转化增加店面线上客户的引入薪资待遇:工资3000-8000有提成多劳多得职位要求：1，形象好气质佳，熟悉办公软件，2，负责线上推广网络运营策划，热爱新媒体运营，有敏锐的洞察力和话题组织能力，3，具备良好的文案写作，ps和视频剪辑能力责任心强，有良好的沟通、实施能力及团队合作精神，有餐饮行业运营工作经验优先工作时间：月休4早9晚4有意向电话联系
226,运营客服,客服 岗位职责：1、了解客户服务需求信息，进行有效跟踪，做好售前、售后指导和服务工作；1、熟练运用公司产品，解答客户提问并落实问题；3、与相关部门紧密配合，协调沟通；4、维护客户关系，并开发新客户任职资格：1、至少1年以上销售或客服工作经验；2、具备敏锐的商业意识，较强的应变能力、口头表达与沟通能力；3、有较强的推广和维护协调客户的能力，熟悉客户服务流程；4、具备较强的学习能力，可快速掌握专业知识，及时开展工作；5、熟练运用office及良好的文档写作能力；6、工作严谨，计划性强，善于分析思考问题，有责任心；7、勤奋踏实，良好的服务意识与团队合作精神。工作时间：
227,运营客服,客服 物流客服1.负责跟踪货物2.整理回单3.通知自提客户取货，付货4.接听电话，沟通送货事宜
228,运营客服,快递客服 要求懂电脑基本操作月休4天工作时间8:30－17:00。
229,运营客服,电话客服 岗位职责：1、受理及主动电话客户，能够及时发现客户问题并给到正确和满意的回复；2、与客户建立良好的联系，熟悉及挖掘客户需求，并对客户进行系统的应用培训；3、具备处理问题、安排进展、跟进进程、沟通及疑难问题服务的意识跟能力，*大限度的提高客户满意度。遇到不能解决的问题按流程提交相关人员或主管处理，并跟踪进展直至解决；4、具备一定的销售能力，针对公司现有的客户进行营销，让客户接受更为广泛的网络产品，达到*好的网络营销的效果。5、不需要有挖掘机配件的专业知识，本公司有技术支持。任职资格：1、有一定客户服务工作经验或销售经验，有一定的客户服务知识和能力。2、office办公软件会使用，有一定的网络知识基础，3、要求一定要有“客户为先”的服务精神，一切从帮助客户、满足客户角度出发。4、性格要求沉稳、隐忍，善于倾听，有同理心，乐观、积极。普通话标准、流利，反应灵敏。5、热爱工作，敬业、勤恳，乐于思考，具有自我发展的主观愿望和自我学习能力。不懂可以学习，有人带。工作时间：早8.00晚6，双休冬季到晚5
230,运营客服,医院电话回访月薪5千+ 工作内容：工作内容：有过医疗医药、民营医院经验者优先，有过民营医院经验者优先，1.岗位职责头脑灵活，思维敏捷，爱岗敬业，吃苦耐劳，有责任心，执行力强，能长期工作，爱岗敬业具体面谈岗位职责2、语言表达清晰、流畅、思维敏捷，应变能力灵活，交流沟通能力佳，有亲和力，32-55岁3、熟悉互联网络，熟练使用网络交流工具和excel、wps者优先；4、具有良好的职业道德和团队协作精神
231,运营客服,客服小推 客服小推工作日结会使用智能手机即可
232,运营客服,客服朝九晚六包吃住 有意直接申请职位就可以了。有意直接申请职位就可以了。【岗位要求】：1、**不限，学历不是你的硬指标(我们只看付出)2、热爱喜欢这个行业想有个稳定发展，长期发展3、做事认真，（无身高、体重、外貌等要求）4、无经验者可带，【福利待遇】：1、工作时间:9：00~17:00（午休1小时）2、做六休一，法定节假日休息，带薪年假3、提供住宿（2-4人间宿舍，热水器，空调齐全，宿舍离公司3分钟路程）4、购买社保、为保障员工人身安全，为每个员工购买平安意外保险，提供五险一金5、每年1~2次公费出游，聚餐等6、有台球，乒乓球，跑步机等娱乐健身设施7、工作区域转正之后全所有区域都有安排，就近安排8、不定时组织各种比赛、电子竞技等（可获丰厚奖励）9、五险一金+包吃包住+年终奖客服
233,运营客服,月入1w五险游戏运营限18-35岁 你还在找工作吗还在找工作吗！！！！！！来磨铁.招聘年龄01-88年硬性条件**号外！号外！号外！考虑到求职者资金紧缺考核期补贴5000每15天发放一次补贴这一个月的考核决定你下个月的评级。评级越高底薪提成越高，，发放日也越提前，从5号-20号陆续发放。**薪资薪资！！底薪5000-8300提成4%-5.2%+交接帮业绩提点2%-2.6%具体的薪资以及提点根据你的入职级别来定（入职级别取决于你在培训期间的工作表现）**工作时间：下午1点到晚上9.30（完全为你巧妙的避开了早晚高峰，还能解决起床困难的问题。）除此之外，不在长春居住提供住宿（宿舍是上面是床铺下面是桌椅、有独立卫浴、空调、洗衣机、网络、还有宿管阿姨打扫卫生）！吃的话餐补（每餐两荤两素管饱）！如果员工有各种生活方面的需求，公司都会满足帮忙寻找渠道尽量去优化你的预算，比如买房买车装修买奢侈品。每位员工都有属于自己的生日会及生日礼品，以及各种大小节日福利（情人节玫瑰花，端午节的粽子、中秋节的月饼、秋天*杯奶茶）还有让你想不到就是入职满一周年会有公司为你发放精美礼品（刮胡刀、筋膜枪、星巴克的马克杯）只要能力可以，我们有明确的绿色晋升机制，*组长是你，*主管是你，经理也是你??薪资你定！工作内容：1.通过线上组织玩家活动、活跃玩家气氛，通过线上服务使玩家有良好的游戏体验。2.维系与玩家的关系，解决游戏用户在游戏所产生的游戏问题。一切准备就绪职为等你
234,运营客服,月入1W游戏操作工 零试错成本，来上班就给钱底薪5000-10000+提成+五险一金+员工宿舍+好吃管饱工作餐+班车培训补助：（无试错成本、你来培训吃饭、奶茶、公交工具的钱、我们出）培训期间补助日结（每天13:30-14:00期间结算）你不需要从自己兜里掏1分钱，随时不合适随时走都不亏！我说的每句话都真实有效工作内容：服务玩家，活跃游戏氛围的游戏指挥官，指导玩家利益*大化，让玩家有更好的体验游戏。工作时间：13:00-22:00（午休一小时）每月选休
235,人事行政财务,"文员某音短视频小白可接受 1、以上学历专业年龄不限《满18周》2、会简单的基本电脑操作2、无经验可学习，前期不懂会人带，良好的沟通能力，学习能力强3、对互联网设计,视频剪辑，ps,运营感兴趣，往长期往这方面发展4、逻辑思维分析强，做事踏实，认真负责周末双休，朝九晚六"
236,人事行政财务,建筑会计供吃住/三险/5千/待遇优 岗位职责：1、审批财务收支，审阅财务专题报告和会计报表，对重大的财务收支计划、经济合同进行会签；2、编制预算和执行预算，参与拟订资金筹措和使用方案，确保资金的有效使用；3、审查公司对外提供的会计资料；4、负责审核公司本部和各下属单位上报的会计报表和集团公司会计报表，编制财务综合分析报告和专题分析报告，为公司领导决策提供可靠的依据；5、制订公司内部财务、会计制度和工作程序，经批准后组织实施并监督执行；6、组织编制与实现公司的财务收支计划、信贷计划与成本费用计划。任职资格：1、会计相关专业，大专以上学历；2、2年以上工作经验，有一般纳税人企业工作经验者优先；3、认真细致，爱岗敬业，吃苦耐劳，有良好的职业操守；4、思维敏捷，接受能力强，能独立思考，善于总结工作经验；5、熟练应用财务及Office办公软件，对金蝶、用友等财务系统有实际操作者优先；6、具有良好的沟通能力；7、有会计从业资格证书，同时具备会计初级资格证者优先考虑。
237,人事行政财务,"招办公文员视频剪辑可小白 1、学历专业，年龄18-30岁2、会简单的基本电脑操作2、无经验可学习，前期不懂会人带，良好的沟通能力，学习能力强3、对互联网设计,视频剪辑，ps,运营感兴趣，往长期往这方面发展4、会基本的色彩调搭配感、审美观，逻辑思维分析强，做事踏实，认真负责。福利待遇周末双休，朝九晚六"
238,人事行政财务,招聘专员月5千加氛围好 招聘专员工作内容:给一汽旗下的各大工厂招聘员工，国企央企等企业招聘，公司免费提供端口，不需要个人承担任何费用，主要线上邀约面试，简历回访等，坐班。工作时间:早8:30~晚5点，中间一小时休息，免费提供一餐。国家法定节假日带薪休息。薪资待遇:底薪2600+200满勤+招聘提成，综合薪资5000左右工作位置绿园区普阳街，景阳广场附近。
239,人事行政财务,文员 有意向者可直接电话联系~工作内容：1．操作进销存软件。2．每日和出纳对账。3．定期和库管核对库存。4．每月出具进销存数据汇总。5.开具发票。6.协助销售制作销售合同。7.维护*云平台。职位要求：1、有耐心，有责任心，做事细心。2、熟练操作办公软件。3、22-45岁之间薪资待遇：1、工作时间：8:30-17:302、工资范围：3000元基本工资+季度奖金3、休息制度：月休四天。
240,人事行政财务,诚聘文员有无经验均可双休 工作内容：主要工作负责日常回复，邀约客户，有经理带你，公司提供资源，不跑外职位要求：18至40周岁，**不限，有无经验均可工作时间：早九晚五，不加班，中午休息一个小时
241,人事行政财务,文员 岗位职责：1、负责公司各类电脑文档的编号、打印、排版和归档；2、报表的收编以及整理，以便更好的贯彻和落实工作；3、协调会议室预定，合理安排会议室的使用；4、协助保洁员完成公共办公区、会议室环境的日常维护工作，确保办公区的整洁有序；5、完成部门经理交代的其它工作。任职资格：1、形象好，气质佳，年龄在20-30岁；2、1年以上相关工作经验，文秘、行政管理等相关专业优先考虑；3、熟悉办公室行政管理知识及工作流程，具备基本商务信函写作能力及较强的书面和口头表达能力；4、熟悉公文写作格式，熟练运用OFFICE等办公软件；5、工作仔细认真、责任心强、为人正直。工作时间：
242,人事行政财务,文员 负责单位发货出入库单子录入，简单表格会使用
243,人事行政财务,诚聘人事 工作内容：负责发布招聘信息回复招聘信息面试辅助经理工作公司提供渠道职位要求：18到28周岁学习能力强有团队精神工作时间：10:00-18：00薪资待遇：底薪+提成综合薪资4000+五险一金带薪年假每月团建环境氛围好
244,人事行政财务,办公文员待遇好 岗位职责：1、办公室办公，环境优越，工作稳定薪资可观；2、负责接听客户热线；3、通过电话负责客户的约访工作；4、协助配合销售团队，创造销售业绩。5、无责任无压力任职资格：1、普通话标准，沟通表达能力佳；2、熟练操作办公自动化设备及OFFICE软件；3、良好的执行力和团队合作精神；4、熟悉电话销售或客户服务的业务模式，有电话销售经验者优先。工作时间：8:00-17:00
245,人事行政财务,文员 RJClub游戏工作室招游戏客服《英雄联盟端游/手游》《王者荣耀》《原神》《和平精英》《穿越火线》《守望先锋》需要自带账号预备接入的新游戏有?1.《奥丁?神判》手游?2.《暗黑破坏神?不朽》手游?3.《传奇-手游》?4.《逆水寒》手游?5.《永劫无间》手游?6.《ProjectBBQ》端游?有这些领域专精的小伙伴私信我，谈一谈。
246,人事行政财务,文员 负责整理档案资料、协助经理处理日常事务
247,人事行政财务,储备干部 本企业属于意尔康吉林省分公司不了解（意尔康）的可自行百度。（鞋包行业）招聘岗位：储备干部职位要求：会操作Excel办公软件，年龄不高于40岁。头脑灵活、思路清晰、开朗、好学、可出差。公司位置在北四环与青年路交汇，有意愿在公司长期发展的可提供住宿。该职位是公司重点职位，有人带，学成后待遇优厚。
248,人事行政财务,总公司行政内勤电话联系 要求:年龄45岁以下，责任心强，能熟练操作办公软件，PPT熟练，有驾照文笔好优先薪资:4000-5000元五险，月休4天
249,人事行政财务,文员 负责整理档案资料、协助经理处理日常事务
250,人事行政财务,"招办公文员视频剪辑可小白 1、学历专业，年龄18-30岁2、会简单的基本电脑操作2、无经验可学习，前期不懂会人带，良好的沟通能力，学习能力强3、对互联网设计,视频剪辑，ps,运营感兴趣，往长期往这方面发展4、会基本的色彩调搭配感、审美观，逻辑思维分析强，做事踏实，认真负责。福利待遇周末双休，朝九晚六"
251,人事行政财务,行政周末双休包吃住 有意直接申请职位就可以了。有意直接申请职位就可以了。【岗位要求】：1、**不限，学历不是你的硬指标(我们只看付出)2、热爱喜欢这个行业想有个稳定发展，长期发展3、做事认真，（无身高、体重、外貌等要求）4、无经验者可带，【福利待遇】：1、工作时间:9：00~17:00（午休1小时）2、做六休一，法定节假日休息，带薪年假3、提供住宿（2-4人间宿舍，热水器，空调齐全，宿舍离公司3分钟路程）4、购买社保、为保障员工人身安全，为每个员工购买平安意外保险，提供五险一金5、每年1~2次公费出游，聚餐等6、有台球，乒乓球，跑步机等娱乐健身设施7、工作区域转正之后全所有区域都有安排，就近安排8、不定时组织各种比赛、电子竞技等（可获丰厚奖励）9、五险一金+包吃包住+年终奖行政专员
252,人事行政财务,文员 负责整理档案资料、协助经理处理日常事务
253,人事行政财务,星探人事 招聘专员。无责底薪4000+提成+奖金综合薪资7000+工作内容简单就负责招聘福利待遇：5A办公环境，加班补贴，团建聚餐，车房补贴，节假日福利，年终奖，下午茶零食饮料不断福利待遇：带薪年假半个月，干满半年交五险工作时间：中午12-晚9，月4天休息，节假日休息
254,人事行政财务,开票员 开具增值税专用发票，统计开票库存
255,人事行政财务,"文员 [庆祝][庆祝][庆祝]招聘:福利：周末双休，节假日休息，免费?培训，良好的?办公环境和工?作氛围要求：人品?端正，有较强?执行力和?自我管理能力，积极进取,有挑战薪高?的强烈欲望有较强的学习能力，适能应?力，领悟能力?和探索精神公司?待遇:享受周?末双休+国法家?定节假日，节假?日福利，公司团建薪待资?遇:底薪4000+提成工时作?间做五休二上午9:00-11:30下午13:30-16:00联电系?话："
256,人事行政财务,档案管理员 工作内容：档案、印章相关工作职位要求：有相关崇业经验工作时间：早八晚五
257,人事行政财务,政府档案员长白班 工作内容：档案员职位要求：**不限20-40周岁工作时间：长白班早八晚六午休一小时薪资待遇：4000-9000有满勤食宿条件：免费住宿工作位置：南关净月
258,人事行政财务,房源录入员有无经验均可 负责公司的日常信息登记，会简单办公软件即可，工作简单有人带，长春市内内可以根据住址就近分配，没有住宿也可提供免费住宿，有无经验均可以，期待你的加入
259,人事行政财务,"办公文员视频剪辑可无经验 1、学历专业，年龄18-30岁2、会简单的基本电脑操作2、无经验可学习，前期不懂会人带，良好的沟通能力，学习能力强3、对互联网设计,视频剪辑，ps,运营感兴趣，往长期往这方面发展4、会基本的色彩调搭配感、审美观，逻辑思维分析强，做事踏实，认真负责。福利待遇周末双休，朝九晚六"
260,人事行政财务,"人事经理/主管 建立并实施人力资源方针和行动计划,以支持公司达到预期经营目标"
261,人事行政财务,前台收银五千工作简单 岗位职责：1、及时、准确接听/转接电话，如需要，记录留言并及时转达；2、接待来访客人并及时准确通知被访人员；3、收发公司邮件、报刊、传真和物品，并做好登记管理以及转递工作；4、负责快件收发、机票及火车票的准确预定；5、负责前台区域的环境维护，保证设备安全及正常运转（包括复印机、空调及打卡机等）；6、协助公司员工的复印、传真等工作；7、完成上级主管交办的其它工作任职资格：1、形象好，气质佳，年龄18?30岁2、较强的服务意识，熟练使用电脑办公软件；3、具备良好的协调能力、沟通能力，负有责任心，性格活泼开朗，具有亲和力；4、普通话准确流利；工作时间：晚19:30-03:30
262,人事行政财务,企业会计 岗位职责：1、审批财务收支，审阅财务专题报告和会计报表，对重大的财务收支计划、经济合同进行会签；2、编制预算和执行预算，参与拟订资金筹措和使用方案，确保资金的有效使用；3、审查公司对外提供的会计资料；4、负责审核公司本部和各下属单位上报的会计报表和集团公司会计报表，编制财务综合分析报告和专题分析报告，为公司领导决策提供可靠的依据；5、制订公司内部财务、会计制度和工作程序，经批准后组织实施并监督执行；6、组织编制与实现公司的财务收支计划、信贷计划与成本费用计划。任职资格：1、会计相关专业，本科以上学历；2、1年以上工作经验，有一般纳税人企业工作经验者优先；3、认真细致，爱岗敬业，吃苦耐劳，有良好的职业操守；4、思维敏捷，接受能力强，能独立思考，善于总结工作经验；5、熟练应用财务及Office办公软件，对金蝶、用友等财务系统有实际操作者优先；6、具有良好的沟通能力；7、有会计从业资格证书，同时具备会计初级资格证者优先考虑。工作时间：长白班
263,服务业,0基础教练-月薪1万起 工作职责：1.给会员制定科学健身减肥增肌计划2.带会员健身康复产后恢复等训练3.带会员团操舞蹈课程健身训练4.疑难问题领导协助解决任职资格：1.*好0基础或有一定基础一张白纸可塑性更强2.良好心态有学习能力上进心3.上岗学习后发放国家*证书4.身体素质良好，无*5.形象气质好待遇:1.高底薪+高提成+高奖金月薪6000-8000元有一定经验后可达1W-3W2.五险一金包吃包住3.每天工作5小时训练2小时学习1小时4.五星级健身会所办公环境5.受尊重，会员大多白领金领获良好人脉6.专业知识+身材+口才硬技能技能提升7.好身材+好形象+好工作+好机会+好对象
264,服务业,五险一金包吃住健身学徒 工作职责：1.给会员制定科学健身减肥增肌计划2.带会员健身康复产后恢复等训练3.带会员团操舞蹈课程健身训练4.疑难问题领导协助解决任职资格：1.*好0基础或有一定基础一张白纸可塑性更强2.良好心态有学习能力上进心3.上岗学习后发放国家*证书4.身体素质良好，无*5.形象气质好待遇:1.高底薪+高提成+高奖金月薪6000-8000元有一定经验后可达1W-3W2.五险一金包吃包住3.每天工作5小时训练2小时学习1小时4.五星级健身会所办公环境5.受尊重，会员大多白领金领获良好人脉6.专业知识+身材+口才硬技能技能提升7.好身材+好形象+好工作+好机会+好对象
265,服务业,"育婴师 负责照顾好小孩的饮食起居等事项,负责小孩的启蒙教"
266,服务业,急招南四环加油员 工作内容：室外为进站车辆提供加油服务职位要求：吃苦耐劳，能接受上夜班工作时间：三班倒。
267,服务业,工程班长 待遇：薪资3500-4000，交五险，供三餐，可安排住宿上班时间：上三天一宿，休一天一宿要求：年龄35-55，掌握电气（高低压）、给排水维修工作；掌握动力开关柜、制冷机组、燃气锅炉、风机盘管维修工作。持有电工证，低压证。
268,服务业,牧业维修工 薪资待遇：5000-5500/月，缴纳五险，免费班车，员工内购价，节日福利。岗位职责：1、牧场机械设备、配套设施等维修维护保养工作；2、牧场内供水、供电等维修抢修工作；3、能够很好地完成场长安排的其他临时性工作。招聘要求：1、长白班8-17点，45周岁及以下，要求身体健康，吃苦耐劳，有高度的责任感；2、有电工证、电焊证者优先，退伍军人优先；3、具备独立工作能力及团队协作精神，能登高作业，从事相关工作经验2年以上；4、免费提供吃住，也可以通勤。市内班车路线：1号班车：九台路三辅街---庆丰路----柳影路教师楼----柳影路欧亚?北环城路?西环城路?隆化路?西四环路；2号班车：东大桥?人民广场?西安大路?普阳街?皓月大路；3号班车：吉林大路?解放大路?景阳大路?西环城路?皓月大路；4号班车：台北大街---青萍路---青林路---基隆街---西安大路---迎宾路---西四环路---皓月大路；5号班车：南湖大路?宽平大路?迎春路?杨柳大街?支农大街?西四环路?警备路；
269,服务业,物业维修 岗位职责：1、负责日常维修、计划检修、保养；2、负责施工监理、配电线路安装等工作；3、及时巡查，发现问题及时处理；4、负责内部所有电气设备的维护检修工作。任职资格：1、身体健康，年龄在45岁以下；2、2年以上工作经验，具备中级以上电工证；3、具备较高的维修电工专业知识，钳工知识；变、配电设施的管理能力，熟知安全规范和操作规范4、具备较高的纪律性、责任心、执行能力、语言表达能力、学习能力。工作时间：
270,服务业,物业招维修水电工 要求：年龄：62岁以下身体健康法定节假日休，有五险，包吃住。有意者电联
271,服务业,客房服务员 有工作经验优先月休四天。详细咨询招聘经理
272,服务业,保洁员 岗位职责：1、负责所分配区域或客户的卫生清洁工作；2、保证按质按量的完成所分配的任务；3、听从分配和安排。任职资格：1、身体健康，年龄60岁以下；2、有相关工作经验者优先考虑。工作时间：早7点到晚3点
273,服务业,东环城加油员普工 工作内容：为进站车辆提供加油服务职位要求：**不限，能够适应倒班工作时间：倒班，
274,服务业,"保洁员/五险一金 1、身体健康，吃苦耐劳，有PA保洁工作经验；2、年龄54岁以下,工资2500元；3、早15：30到晚23：30，双休，五险一金；4、工作需要操作机器。"
275,服务业,保洁 岗位职责：1、宾馆客房及公共区域的卫生清洁工作；2、保证按质按量的完成所分配的任务；3、听从分配和安排。任职资格：1、身体健康，年龄40-55岁；2、有相关工作经验者优先考虑。工作时间：早九晚五
276,服务业,工程班长 1、中专以上学历2、持有有效电工证3、按照安全用电相关规定，管理、监督本小区电器设备使用情况，检测排除安全隐患，确保小区安全用电。4、按照设备维护保养流程，定期对电器设备、电路系统进行保养，确保设备正常运行。如果您对该岗位感兴趣，请投递简历给我们，我们会尽快与您联系！
277,服务业,维修灭火器 负责灭火器维修，有无经验均可，中午有午餐，早7点30晚5点，周日休息一天
278,服务业,保洁主管 负责管理保洁员，采购，做工资等。
279,服务业,南关区住宅小区诚聘管家 岗位职责：1、负责对分管责任区的公共部位、公共设施设备进行巡视，做好巡查记录；2、入伙期间陪同客户看房验房，做好客户维修返修的跟进；3、做好空置房屋的日常管理；4、协助办理客户装修审批手续，负责装修巡视，进行装修验收及客户房屋动态管理；5、协助客服主管开展社区文化活动和品牌宣传活动，主动加强与客户的沟通和联系；6、做好客户接待工作，对违章操作或违章行为及时劝阻、制止，直至处理完毕；7、负责收集、整理客户信息资料，建立并完善详细的客户档案。持续征询客户需求，改进客户关系；8、负责对客户信息的分类分析，针对不同的客户服务需求，研发个性化创新服务方案；9、负责与客户相关物业费用的收取工作；任职要求：1、大专及以上学历，40岁以内，抗压能力强；2、具备服务意识，塌实肯干，有一定的责任心和沟通技巧。职位福利：五险一金、带薪年假、节日福利
280,服务业,东皇君源招物业维修 招聘微信微信元工资2500元年龄63岁以下
281,服务业,急招洗衣房工作人员 1、正确的操作，安全、保质、保量按时完成当天的洗涤任务。2、定时向上级报告洗涤用品的消耗量，领取各类工作用品。3、积极、主动、及时、准确地做好各类布草及员工工装的收发工作。4、做好台布及衣物的管理。进行经常性的整理和分类，并在所收衣物上打码编号。5、按照台布收发工作规程进行操作，做好各种登记，并核对台布的数量、所属楼层以及有无破损，防止丢失。6、搞好室内的清洁卫生。经常进行清洁和打扫。洗涤岗位职责（1）进行洗涤之前要做好设备的检查工作，配制好洗涤用水。（2）清点收洗的台布、员工工装，进行分类整理。（3）按程序进行衣物的干、湿洗，洗完以后要先自己作质量检查，然后再进行清洗工作。（4）结束工作后，关闭电源、水源，进行清理卫生工作。（5）做好洗涤记录。熨烫岗位职责（1）做好操作之前的设备检查与准备工作。（2）按规定的工作程序与标准，正确使用机器熨烫各种类型的衣物。（3）先自我检查质量，然后将熨烫好的衣物叠放整齐并签字确认。（4）结束工作后，关闭电源及设备，将各类用口回复原位，并进行室内的清扫工作。
282,服务业,酒店万能工 会水电，负责店内维修，巡楼
283,服务业,汽车4S店备件员 1、具备4S店备件管理经验2、对配件库存管理系统、配件储存具有相应的经验3、能够熟练使用电脑办公4、配件入库验收，认真清点货物的数量，检查质量，同时填写实收货物清单核实无误后签字确认。5、负责配件上架，按号就座，严格执行有关配件的保管规定。6、严格履行出库手续，根据调拨员签发的出库申请提取配件。7、确保库存准确，保证帐、卡、物相符。随时对有出入库的配件进行复查。做好配件的月度和季度盘点工作。8、适时向计划员提出配件库存调整（短缺、积压）的书面报告。9、保管全部与配件的业务单据、入库清单、出库清单并归类存档。
284,服务业,急聘保姆月入过万限36-55岁 诚聘！诚聘！诚聘！有意向可以投递简历或点击微聊诚聘！诚聘！诚聘！有意向可以投递简历或点击微聊诚聘！诚聘！诚聘！有意向可以投递简历或点击微聊一万月薪不能再少好工作除了高福利，更会给你使命感到手工资：8000?11800元您心动了吗？你是否匆匆忙忙的飘荡了一年看看卡里的存款距离目标还相差甚远你是否为了孩子的车子房子想尽办法也束手无策你是否还在为了一个月3000元钱。还在日夜奔波来找我吧因客户需求量太大，本公司现面向全国各地急招，工资高，待遇好，只要求你有上进的心！欢迎火速来公司面试！急!急!!急！！！岗位职责：1、负责所分配客户的相关服务工作；2、听从分配和安排，可接受轮岗任职资格：1、，身体健康，年龄25-50岁；2、有相关工作经验者优先考虑
285,服务业,"天鹅到家聘保姆保洁钟点限18-55岁 天鹅到家招聘高端家庭保姆保洁：招募对象：1.25-50周岁，以身份证为准2.学历初中及以上，能够正常读写，会普通话优先3.身体健康，无不良嗜好，喜欢宝宝，愿意从事母婴护理服务行业4.从事过其他家政行业，觉得薪资低，想要转行赚高薪的阿姨无经验也欢迎。保姆：工作内容：（以下任选）1、白班：早9晚7，做饭做家务3500~5500家附近就近安排2、住家：一日三餐简单家务，4000~6000，可就近安排3、护理：自理半自理老人，3500~45004、育婴：照顾好小孩的饮食起居、学校接送等事项，4000~60005、保洁：小时工多劳多得，5500~7000保洁：由客户通过网络预约，公司就近安排保洁师服务客户，为客户提供上门的家庭基础保洁，上门打扫卫生。一小时：30-35，每天工作6-8小时。工作时间灵活，无需坐班，在家就可以接收客户信息月收入：平均工资6000-8000晋升发展：干满三个月后，顾客好评率高者，根据公司需要培训家电清洗、地板打蜡、家居养护等专项保洁技能，提升自己能力的同时提升收入，平均月收入在10000以上。月嫂服务：产妇护理：卫生护理：观察产妇身体情况（主要是乳房、恶露、大小便），清洗、消毒产妇衣物，在产妇不能自理时帮助产妇擦洗身体。母婴室内卫生乳房护理：帮助产妇清洗、热敷、*乳房，减轻乳房腹痛，指导产妇正确的哺乳姿势产后恢复：指导产妇做好产后恢复操心理指导：调节舒缓产妇心情，与产妇语言沟通，交流育儿心得婴儿护理：新生儿科学喂养和辅助喂奶、喂水，培养宝宝合理规律的饮食习惯新生儿洗澡、清洁，根据实际情况给婴儿做抚触、被动操、游泳新生儿尿布、衣物、毛巾、奶瓶等用品用具消毒、清洗以及整理新生儿测体温、观察大小便是否正常，黄疸观察，安抚婴儿哭闹、脐带消毒、预防接种新生儿智力的启蒙教育和潜能开发等等育儿嫂/育婴师服务：婴幼儿喂养：协助母乳喂养，冲调奶粉，根据月龄合理系统的添加辅食大运动量培养：为婴幼儿做洗澡、游泳、抚触、保健操起居照顾：清洗婴幼儿的衣物、餐具和打扫居室卫生早期教育：针对宝宝不同年龄段宝宝五项行为的发展，做针对性的早教训练。行为培养：培养宝宝良好的生活习惯（大小便、卫生、吃饭等），锻炼宝宝鱼外界交流婴儿健康：掌握婴幼儿常见病的预防和治疗常识，提供健康建议在保障宝宝安全的情况下，辅助做简单家务。3、乳房（催乳）护理：开奶、回奶、淤积及乳房护理订单1：【面试时间】尽快面试尽快到岗【订单类型】住家【房屋面积】120平【用餐人数】2人【工作内容】带一岁宝宝【其他要求】负责任有爱心，爱干净，有经验【薪资待遇】5200订单2：【订单类型】早八晚六【地址】经开区融科城【工作内容】5个月宝宝，主要做饭和家务，搭把手带宝宝，会做辅食，家里有人主带宝宝【薪资】4000/3600【要求】性格开朗，勤快干净订单3：【订单类型】住家【工作内容】主要带孩子【薪资】5200-5500【宝宝大小】2个月宝宝【要求】有责任心，做事踏实干净卫生，有经验，需要带睡订单4：【订单类型】住家【地址】桐城市【工作内容】主要带孩子【薪资】7200-7500【宝宝大小】3个月宝宝【要求】有责任心，做事踏实干净卫生，有经验，需要带睡，带过5个3个月以上宝宝的阿姨优先订单5：【工作类型】白班【工作时间】09:00-19:00【上户日期】越快越好【年龄要求】不限【工资预算】4000元/月【工作内容】主要做饭做家务,需要做午餐，做晚餐，1-3人餐，需要打扫卫生，房子110-130?"
286,服务业,急聘育婴师月薪8K可新手限36-55岁 长春招聘?请先投简历，收到后我们立刻和您沟通岗位详情?想了解你就投简历，投简历，投简历本公司岗位无需重复投递！任职要求：年龄22-55岁！！！（22岁以下请勿投递）报名培训后可该职位的就业机会一万月薪不能再少。好工作除了高福利，更会给你使命感您心动了吗？你是否匆匆忙忙的飘荡了一年看看卡里的存款距离目标还相差甚远你是否为了孩子的车子房子。想尽办法也束手无策你是否还在为了一个月3000元钱还在日夜奔波来找我吧因客户需求量太大，本公司现面向全国各地急招月嫂、早教师、育婴师、催乳师、小儿推拿师、产后修复师和讲师，工资高，待遇好，不限经验，公司自带培训，欢迎火速来公司面试！急!急!!急！！！岗位职责：1、负责所分配客户的家庭卫生清洁工作；2、负责家庭用餐的食材采购、做饭等工作；3、听从分配和安排。任职资格：1、身体健康，年龄25-50岁；2、喜欢孩子3、经验不限，可接受各行业转行。
287,服务业,育婴师月薪8K可新手 一万月薪不能再少到手工资：8000?11800元您心动了吗？你是否匆匆忙忙的飘荡了一年。看看卡里的存款距离目标还相差甚远你是否为了好工作除了高福利，更会给你使命感孩子的车子房子想尽办法也束手无策你是否还在为了一个月3000元钱还在日夜奔波来找我吧因客户需求量太大，本公司现面向全国各地急招月嫂、早教师、育婴师、催乳师、小儿推拿师、产后修复师和讲师，工资高，待遇好，欢迎火速来公司面试！急!急!!急！！！岗位职责：1、负责所分配客户的家庭卫生清洁工作；2、负责家庭用餐的食材采购、做饭等工作；3、听从分配和安排。任职资格：1、身体健康，年龄25-50岁；2、有相关工作经验者优先考虑。
288,生产制造,上五休二月结操作工 描述:员工主要负责发动机及新能源动力系统装配，环境很好，劳动强度低，自动化程度高，主要生产红旗新能源及燃油车型动力总成。岗位：生产线装配工要求：17～28周岁工作时间：10～12小时，两班倒，每周上五休二，具体上班时间根据现场生产计划执行加班：平时按照1.5倍计算，周六日按照2倍计算，法定假日按照3倍计算。薪酬待遇：4500-6000元。奖金：1.半年奖金3000～6000，2.年终奖5000～8000，福利待遇：提供免费培训、午餐（加班餐）、劳保用品、全市班车。
289,生产制造,普工科世日结220包吃住 岗位职责：1、按照车间主管要求，按时按量完成生产任务，完成当日当月生产任务；2、按工艺要求进行生产操作；3、服从领导安排，完成本岗以外的技术学习任务；4、完成领导交办的临时工作。
290,生产制造,16岁普工日薪245 主要生产手机电子配件。5G手机的包装、检测、贴标等岗位，无需经验、有老员工教你薪资待遇：工种不同，薪资不同，月结薪资丰厚22/每小时日薪242-245/天月工资7千-八千以上车间环境：1、车间配有：饮水机，吸烟室2、车间配有中央空调风扇（冬暖夏凉）3、上班气氛好，管理宽松食宿待遇：工作餐：免费丰富多样、另有酸辣粉麻辣烫牛肉面等住宿：2-4人间宿舍独立卫浴、上下铺、和单铺
291,生产制造,长白普工/日结200/天 1:工作内容.生产汽车电子件2:职位要求.18-453:工作时间.8.30-8.304:薪资结算.日结
292,生产制造,普工提供吃住五险溜达活 吉林市龙潭区世界五百强企业招聘：一、招聘工种普工：在地上拿遥控器操控天车，一学就会有人培训，培训有工资，有人教有人带，无需经验.二、薪资待遇上12小时班，休息24小时，一月就上20天班一天活，也就干半天，不限制玩手机，无体力劳动.月综合工资4000至4200元，合每天200元三个月以后可两班倒，月综合工资5500至6500元.三、福利待遇有满勤奖、高温补贴、通勤或住宿补助、餐补等年龄18至55周岁，可借支，半年择优缴纳五险四、工作地址：吉林市龙潭区金珠工业园点申请职位，打电话，给你发工作视频，在详细介绍
293,生产制造,装配下挂190 #长春富晟安创日结工资有住宿免费班车免费工作餐在职率高无重物不用体检工作内容：生产汽车前脸网隔珊，塑料小件，上下件，活轻松，无重物，要求年龄：2??0??-4??5??身体健康，两班倒，无重物，工资待遇：压三天日结，白班1??8??0??夜班1??9??0??白班两顿免费工作餐，夜班一餐。5??5??0??0??班车方向：范家屯，东大桥，南湖大路，东方广场，住宿地点范家屯，住宿1月200，单人床注：入职前交60意外险工作地点：大屯硅谷大街，
294,生产制造,急聘大众操作工五险一金 一汽大众焊装车间，双薪第二个月开始缴纳五险一金入职：一汽?大众：博众合同岗位：车间?生产线作操?工要求：18一35周以岁?下待遇：试期用?一个月2000，之后工资5000-7000元，季奖度?金2000+，五险一金，食堂，全班市?车，采暖费1620元，节日假?福利，全年16/18薪，年奖底?金！
295,生产制造,长白班坐岗全市班车包吃住 报名年龄：16-55质检员-检查*是否合格。一天242备货工-看单子分拣备货187一天线束工-整理汽车内线，缠胶带209一天挂件工-往架子上挂件184-----204一天叉车工-在车间叉货187一天，额外补助500二氧焊工-人工补焊，焊接汽车座椅，一天290-330操作工：生产电话摄像头坐岗，一天242一厂：长春一汽工厂二厂：中蓝电子厂区可住宿可通勤，全市班车免费食宿，一天三顿热餐报名方式：投简历，打电话
296,生产制造,食品加工/处理 要求有工作经验者联系，食品加工香肠酱卤师傅等公司拓展经营品类现招聘：香肠，酱卤，调理肉制品，休闲食品，鱼类制品，专业的人做专业的事有意者请速速电话联系
297,生产制造,国企灯泡厂240天五险 新厂国企直招.线束工：整理汽车内线。200元一天包装工：打包鱼丸装袋。200元一天打磨工：自动化打磨零部件，200元一天叉车工：在厂区内开叉车，有证。210元一天二氧焊工：机器焊接，人为补焊。240元一天.可通勤全市班车，提供免费食宿，有五险一金开支方式：日结，月结，18-50岁厂区上班地址：1，朝阳区湖西路，2，辽宁省鞍山市3，二道区东南湖大路，4，高新区飞跃中路点申请职位，打电话或聊一聊，在给你介绍
298,生产制造,库博招聘操作工18一小时 富晟库博日结操作岗18元/时，特殊岗位19元月薪6000元左右。企业名称：富晟库博【招聘岗位】操作工【工作内容】生产汽车密封条、防撞条，打磨毛边。【岗位要求】18-40周岁以内，适应10-12小时倒班工作。【薪资待遇】操作岗压7天后日结18元/时，特殊岗位19元月薪6000元左右，节假日福利，有机会转正后缴纳五险一金。免费工作餐提供住宿班车汽开区，高新区，净月区免费班车【工作地址】高新区超越大街2616号
299,生产制造,服装技术指导样衣工 岗位职责：1、有服装制作经验；能够完成样衣制作；2、能看懂设计师稿图，懂得服装工艺；3、能对车间生产进行技术指导；任职资格：1、2年以上工作经验；2、工作认真仔细，有责任心；3、良好的沟通能力，勤奋踏实。工作时间：早8点-晚5点，定期团建、法定节假日；
300,生产制造,长白日结操作工200 注塑修毛边生产塑料件，没有重件，200一天，供吃住
301,生产制造,旷达路长白班操作工岗日结 招聘岗位：生产油管，空调管，转向助力管【岗位要求】18-50周岁。有效工作时长10小时，长白班。【薪资待遇】白班180/天，综合工资5000-6000【福利待遇】免费工作餐。【工作地址】朝阳区旷达路
302,生产制造,北湖车灯普工230一天 【工作内容】马瑞利汽车照明系统有限公司生产，组装奥迪、宝马led车灯，工种同海拉车灯相似【职位】装配、物流【岗位要求】18-38周岁，视力正常，身体健康，有工厂经验，适应8-12小时倒班工作，能长期稳定【薪资待遇】日结21元/小时，宽城区好企业，工作环境好，劳动强度低，月薪6000元以上。【工作餐】免费工作餐【班车】免费（高新，绿园，宽城，经开）.【押金】无工作服押金.【工作地址】宽城区海安路.
303,生产制造,210一天机器上下件供吃 招聘自动化辅助机器上下件(工作环境好，劳动强度低)要求:20-45周岁工作时间:早8-晚8需要接受倒班，具体时间根据车间生产任务调整食宿待遇:有免费工作餐，有住宿，有免费班车。薪资待遇:综合薪资6100-7800，可日结。点击聊一聊或者打电话，投简历咨询详情。
304,生产制造,天结/无重活/不体检 日结工资+有住宿+免费班车+免费工作餐+在职率高+无重物+不用体检工作内容：生产汽车前脸网隔珊，塑料小件，上下件，活轻松，无重物，要求年龄：20-45，身体健康，两班倒，无重物，工资待遇：压三天日结，白班180夜班190白班两顿免费工作餐，夜班一餐。5500班车方向：范家屯，东大桥，南湖大路，东方广场，住宿地点范家屯，住宿一天一元.注：入职前交60元意外险工作地点：大屯硅谷大街，
305,生产制造,日结六险一金普工急招 工作岗位：操作工生产汽车油箱水箱年龄：18-40周岁薪资待遇：18.5/h七天后一天一结转正快缴纳六险一金签本厂合同公积金比例12%年底13薪待遇：公司提供免费班车午餐晚餐补助采暖费高温补贴健康体检带薪年假六险一金：养老保险，医疗保险，工伤保险，生育保险，失业保险，商业意外伤害险
306,生产制造,"诚聘机械维修会电工 主要负责机械设备的维修和保养,有相关经验者优先必须要会电工，有电工证优先有意者可电话联系，详细的面谈，待遇从优"
307,生产制造,招操作工可日结230一天 21元一小时231一天日结三天后日结231元一天，工作环?境好，工强度作?小【工作内?容】生产，组装奥?迪、宝马led车灯，工种同?海拉车灯?相似。【岗要位?求】18-38周岁，身体健?康，有工经厂验，适班应?倒工作。【薪资待?遇】21/小时，8-12小时倒?班，综合月薪6000元~7000元，免费工?作餐【餐补】免费工?作餐，夜冷班餐【班车】免费（高新，绿园，宽城，经开）
308,生产制造,煤炭检测员 工作内容：巡场碎样取样中控任职资格：1、中专以上学历；2、18-28周岁工作时间：十天白班，十天夜班，十天休息工作地点：天津
309,生产制造,食品加工厂 工作：主要生产汽车零部件，*55岁*50岁（身体好可放宽年龄）【工作时间】：12小时工作时间，有效工时11小时，压三天（满36小时）后一天一结，不满三天（36小时）冲压：23/小时，12小时工作时间，253元/天装配：17/小时，12小时工作时间，187元/天工作12小时，有效工时11小时【住宿】150/月+水电=6元/天【体检】42万佳满月报销【保险】冲压150元每个月个人承担，其他岗位保险100元【工装】自备【班车】无【工作餐】免费两餐，自备餐具厂址：公主岭经济开发区创业大街999号（范家屯镇
310,生产制造,质量检测员 工作内容；巡场?样取样中控1、中技以上学历；2、年满18-28周岁3、10天白班10天晚班10天休息.免费住宿免费工作餐4、工作地点天津港口
311,生产制造,煤炭检测员 岗位职责：巡场碎样取样以及中控任职资格：1、中专以上学历；2、18到28周岁3、有培训有无经验都可以工作时间：上10个白班10个晚班10个休息工作地点：天津
312,生产制造,盘锦质检242/天坐岗 工厂直招，质检员，备货工、组装工，操作工、上件工一、工种不同，工资不同，日工资207至260元，日结，周结，月综合工资7000到8500元.二、全市班车，可就近安排厂区上班，有寝室，可住宿，提供工作餐，有长白班，16-53周岁.三、各厂区分布地址在，汽开区，朝阳区，高新区绿园区，南关区，二道区详情点申请职位打电话.点申请职位，打电话，投简历，给你详细介绍
313,生产制造,富维东阳包吃住普工日结 装配两班倒日结18/小时月结19/小时长春一汽富维东阳是一汽轿车公司保险杠*供应商；拥有一汽-大众公司保险杠配套市场80%以上份额。招聘岗位：生产线操作工要????求：16-38身体健康，有工厂经验，适应倒班工作。10-12小时班倒。薪资待遇：工资18元/小时，压5天后一天一开，免费工作餐、免费住宿、免费白班班车，工作满六个月后可享受五险，平均工资5000-6000工作地址：长春市高新技术产业开发区光谷大街2555号
314,医疗健康,中医艾灸师 早8晚6，可加班，家庭无负担身体健康，工作负责任
315,医疗健康,坐诊中医 药店坐诊中医省市医保药店，人流量大
316,医疗健康,急招药店营业员五险 岗位职责：1、遵守各项财务制度和操作程序；2、能适应倒班早班7.00-14.00晚班14.00-21.003、熟悉电脑，会刷省市医保4、有意向电话联系
317,医疗健康,高薪诚招护工员包食宿 工作时间：1.早6：00-晚18：002.试用期7天，每天60元，提供食宿，免费培训。有经验优先工资4000-5500，有意向直接电话联系工作内容：1.针对失能、半失能及高龄活力老人的日常照护；2.对老人的日常陪伴、进行简单的心理疏导；3.负责老人房间内的卫生等工作。职位要求：1.有责任心，爱岗敬业；2.善待老人，对老人有爱心、有耐心；4.年龄33-55。
318,医疗健康,高薪诚聘中医妇科医生电联 南关区康瑞中医门诊诚聘中医妇科医生可合作有意者可直接电话联系咨询，待遇好，福利多，期待您的加入！请电话联系！请电话联系！请电话联系！任职资格：1、有工作经验，年龄30岁以上2、认真踏实，专业能力强高额提成，外地提供住宿，待遇好工作时间：可根据实际情况自己选择，可以早8点到晚5点，具体可面议或者电话咨询工作地点交通方便，期待您的加入
